Timestamp,EventType,ParticipantID,ParticipantAge,ParticipantGender,BlockNumber,TrialNumber,EffortLevel,RequiredPresses,DecisionType,DecisionTime,OutcomeType,RewardCollected,MovementDuration,TotalPresses,TotalScore,PracticeScore,AdditionalInfo,StartX,StartY,EndX,EndY,StepDuration,TirednessRating,ParticipantFeedback
2025-03-22 14:42:41.906,ExperimentSetup,hdxuiw,18,Male,-,-,-,-,-,-,-,-,-,-,-,-,-,-,-,-,-,-,-,-,2,-1,-2,1,2,Block1=1;Block2=1,2025-03-22 14:42:41,True,274E183A,-,-,-,-,-,-,-,-,-,-,-,-,-,-,-,-,-,-,-,-,-,-,-,-,-,-,-,-,-,-
2025-03-22 14:42:42.418,ExperimentStart,hdxuiw,18,Male,0,-,-,-,-,-,-,-,-,-,-,-,-,-,-,-,-,-,-,-,-,-,-,-,-,-,-,-,True,2025-03-22 14:42:42,-,-,-,-,-,-,-,-,-,-,-,-,-,-,-,-,-,-,-,-,-,-,-,-,-,-,-,-
2025-03-22 14:43:10.266,InfoMessage,hdxuiw,18,Male,-,-,-,-,-,-,-,-,-,-,-,-,-,-,-,-,-,-,-,-,-,-,-,-,-,-,-,-,-,-,Score Manager Destroyed,Final Total Score: 0, Final Practice Score: 0,-,-,-,-,-,-,-,-,-,-,-,-,-,-,-,-,-,-,-,-,-,-,-,-,-,-
2025-03-22 14:43:12.372,InfoMessage,hdxuiw,18,Male,-,-,-,-,-,-,-,-,-,-,-,-,-,-,-,-,-,-,-,-,-,-,-,-,-,-,-,-,-,-,Score Manager Destroyed,Final Total Score: 0, Final Practice Score: 0,-,-,-,-,-,-,-,-,-,-,-,-,-,-,-,-,-,-,-,-,-,-,-,-,-,-
2025-03-22 14:43:13.629,MovementStart,hdxuiw,18,Male,-,1,-,-,-,-,-,-,-,-,-,-,-,6.50,3.50,-,-,-,-,-,-,-,-,-,-,-,-,-,-,-,-,-,-,-,-,-,-,-,-,-,-,-,-,-,-,-,-,-,-,-,-,-,-,-,-,-,-,-
2025-03-22 14:43:13.630,MovementStep,hdxuiw,18,Male,-,1,-,-,-,-,-,-,-,-,-,-,-,6.50,3.50,5.50,3.50,0.000,-,-,-,-,-,-,-,-,-,-,-,-,-,-,-,-,-,-,-,-,-,-,-,-,-,-,-,-,-,-,-,-,-,-,-,-,-,-,-,-
2025-03-22 14:43:13.928,MovementStart,hdxuiw,18,Male,-,1,-,-,-,-,-,-,-,-,-,-,-,5.50,3.50,-,-,-,-,-,-,-,-,-,-,-,-,-,-,-,-,-,-,-,-,-,-,-,-,-,-,-,-,-,-,-,-,-,-,-,-,-,-,-,-,-,-,-
2025-03-22 14:43:13.929,MovementStep,hdxuiw,18,Male,-,1,-,-,-,-,-,-,-,-,-,-,-,5.50,3.50,4.50,3.50,0.000,-,-,-,-,-,-,-,-,-,-,-,-,-,-,-,-,-,-,-,-,-,-,-,-,-,-,-,-,-,-,-,-,-,-,-,-,-,-,-,-
2025-03-22 14:43:14.125,BlockTimeStatus,hdxuiw,18,Male,1,-,-,-,-,-,-,-,-,-,-,-,-,-,-,-,-,-,-,-,-,-,-,-,-,-,-,-,-,-,-,-,-,-,-,-,-,-,56.33,0,63.67,0.00,-,-,-,-,-,-,-,-,-,-,-,-,-,-,-,-
2025-03-22 14:43:14.224,MovementStart,hdxuiw,18,Male,-,1,-,-,-,-,-,-,-,-,-,-,-,4.50,3.50,-,-,-,-,-,-,-,-,-,-,-,-,-,-,-,-,-,-,-,-,-,-,-,-,-,-,-,-,-,-,-,-,-,-,-,-,-,-,-,-,-,-,-
2025-03-22 14:43:14.225,MovementStep,hdxuiw,18,Male,-,1,-,-,-,-,-,-,-,-,-,-,-,4.50,3.50,3.50,3.50,0.000,-,-,-,-,-,-,-,-,-,-,-,-,-,-,-,-,-,-,-,-,-,-,-,-,-,-,-,-,-,-,-,-,-,-,-,-,-,-,-,-
2025-03-22 14:43:14.520,MovementStart,hdxuiw,18,Male,-,1,-,-,-,-,-,-,-,-,-,-,-,3.50,3.50,-,-,-,-,-,-,-,-,-,-,-,-,-,-,-,-,-,-,-,-,-,-,-,-,-,-,-,-,-,-,-,-,-,-,-,-,-,-,-,-,-,-,-
2025-03-22 14:43:14.521,MovementStep,hdxuiw,18,Male,-,1,-,-,-,-,-,-,-,-,-,-,-,3.50,3.50,2.50,3.50,0.000,-,-,-,-,-,-,-,-,-,-,-,-,-,-,-,-,-,-,-,-,-,-,-,-,-,-,-,-,-,-,-,-,-,-,-,-,-,-,-,-
2025-03-22 14:43:14.815,MovementStart,hdxuiw,18,Male,-,1,-,-,-,-,-,-,-,-,-,-,-,2.50,3.50,-,-,-,-,-,-,-,-,-,-,-,-,-,-,-,-,-,-,-,-,-,-,-,-,-,-,-,-,-,-,-,-,-,-,-,-,-,-,-,-,-,-,-
2025-03-22 14:43:14.816,MovementStep,hdxuiw,18,Male,-,1,-,-,-,-,-,-,-,-,-,-,-,2.50,3.50,1.50,3.50,0.000,-,-,-,-,-,-,-,-,-,-,-,-,-,-,-,-,-,-,-,-,-,-,-,-,-,-,-,-,-,-,-,-,-,-,-,-,-,-,-,-
2025-03-22 14:43:14.824,CollisionTime,hdxuiw,18,Male,-,1,-,-,-,-,-,-,-,-,-,-,-,-,-,-,-,-,-,-,-,-,-,-,-,-,-,-,False,-,-,-,-,-,-,-,-,-,-,-,-,-,-,-,-,30.700,-,-,-,-,-,-,-,-,-,1.302,-,2.236
2025-03-22 14:43:14.825,DecisionOutcome,hdxuiw,18,Male,1,1,1,2,Work,1.892,Success,True,1.302,10,-,-,-,-,-,-,-,-,-,-,-,-,-,-,-,-,-,-,False,-,-,-,-,-,-,-,-,-,-,-,-,-,-,-,-,-,-,-,-,-,-,-,-,-,-,-,-,-
2025-03-22 14:43:14.826,MovementComplete,hdxuiw,18,Male,-,1,-,-,-,-,-,True,-,-,-,-,-,-,-,-,-,-,-,-,-,-,-,-,-,-,-,-,-,-,-,-,-,-,-,-,-,-,-,-,-,-,1.302,10,-,-,-,-,-,-,-,-,-,-,-,-,-,-
2025-03-22 14:43:14.826,RewardCollected,hdxuiw,18,Male,-,1,-,-,-,-,-,-,-,-,-,-,-,-,-,-,-,-,-,-,-,-,-,-,-,-,-,-,-,-,-,-,-,-,-,-,-,-,-,-,-,-,-,-,True,-,-,-,-,-,-,-,-,-,-,-,-,-
2025-03-22 14:43:14.827,MovementDuration,hdxuiw,18,Male,-,1,-,-,-,-,Success,-,-,-,-,-,-,-,-,-,-,-,-,-,-,-,-,-,-,-,-,-,-,-,-,-,-,-,-,-,-,-,-,-,-,-,-,-,-,-,-,-,-,-,-,-,-,-,-,1.302,-,-
2025-03-22 14:43:14.827,OutcomeType,hdxuiw,18,Male,-,1,-,-,-,-,Success,-,-,-,-,-,-,-,-,-,-,-,-,-,-,-,-,-,-,-,-,-,-,-,-,-,-,-,-,-,-,-,-,-,-,-,-,-,-,-,-,-,-,-,-,-,-,-,-,-,-,-
2025-03-22 14:43:14.827,RewardCollected,hdxuiw,18,Male,-,1,-,-,-,-,-,-,-,-,-,-,-,-,-,-,-,-,-,-,-,-,-,-,-,-,-,-,-,-,-,-,-,-,-,-,-,-,-,-,-,-,-,-,True,-,-,-,-,-,-,-,-,-,-,-,-,-
2025-03-22 14:43:14.829,ScoreUpdate,hdxuiw,18,Male,1,1,-,-,-,-,-,-,-,-,10,0,-,-,-,-,-,-,-,-,-,-,-,-,-,-,-,-,False,-,-,-,-,-,-,-,10,ScoreAdded,-,-,-,-,-,-,-,-,-,-,-,-,-,-,-,-,-,-,-,-
2025-03-22 14:43:14.837,ButtonPresses,hdxuiw,18,Male,-,1,-,-,-,-,-,-,-,-,-,-,-,-,-,-,-,-,-,-,-,-,-,-,-,-,-,-,-,-,-,-,-,-,-,-,-,-,-,-,-,-,-,-,-,-,-,0.935:left|1.042:left|1.200:left|1.341:left|1.479:left|1.637:left|1.805:left|1.934:left|2.078:left|2.228:left,-,-,-,-,-,-,-,-,10,-
2025-03-22 14:43:17.692,BlockTimeStatus,hdxuiw,18,Male,1,-,-,-,-,-,-,-,-,-,-,-,-,-,-,-,-,-,-,-,-,-,-,-,-,-,-,-,-,-,-,-,-,-,-,-,-,-,52.76,0,67.24,0.00,-,-,-,-,-,-,-,-,-,-,-,-,-,-,-,-
2025-03-22 14:43:17.879,InfoMessage,hdxuiw,18,Male,-,-,-,-,-,-,-,-,-,-,-,-,-,-,-,-,-,-,-,-,-,-,-,-,-,-,-,-,-,-,Score Manager Destroyed,Final Total Score: 0, Final Practice Score: 0,-,-,-,-,-,-,-,-,-,-,-,-,-,-,-,-,-,-,-,-,-,-,-,-,-,-
2025-03-22 14:43:18.040,InfoMessage,hdxuiw,18,Male,-,-,-,-,-,-,-,-,-,-,-,-,-,-,-,-,-,-,-,-,-,-,-,-,-,-,-,-,-,-,Score Manager Destroyed,Final Total Score: 0, Final Practice Score: 0,-,-,-,-,-,-,-,-,-,-,-,-,-,-,-,-,-,-,-,-,-,-,-,-,-,-
2025-03-22 14:43:18.923,DecisionOutcome,hdxuiw,18,Male,1,2,3,5,Skip,0.860,Skip,False,0.000,0,-,-,-,-,-,-,-,-,-,-,-,-,-,-,-,-,-,-,False,-,-,-,-,-,-,-,-,-,-,-,-,-,-,-,-,-,-,-,-,-,-,-,-,-,-,-,-,-
2025-03-22 14:43:18.924,ScoreUpdate,hdxuiw,18,Male,1,2,-,-,-,-,-,-,-,-,10,0,-,-,-,-,-,-,-,-,-,-,-,-,-,-,-,-,False,-,-,-,-,-,-,-,0,ScoreAdded,-,-,-,-,-,-,-,-,-,-,-,-,-,-,-,-,-,-,-,-
2025-03-22 14:43:22.093,InfoMessage,hdxuiw,18,Male,-,-,-,-,-,-,-,-,-,-,-,-,-,-,-,-,-,-,-,-,-,-,-,-,-,-,-,-,-,-,Score Manager Destroyed,Final Total Score: 0, Final Practice Score: 0,-,-,-,-,-,-,-,-,-,-,-,-,-,-,-,-,-,-,-,-,-,-,-,-,-,-
2025-03-22 14:43:24.585,DecisionOutcome,hdxuiw,18,Male,1,3,2,4,NoDecision,2.500,Timeout,False,0.000,0,-,-,-,-,-,-,-,-,-,-,-,-,-,-,-,-,-,-,False,-,-,-,-,-,-,-,-,-,-,-,-,-,-,-,-,-,-,-,-,-,-,-,-,-,-,-,-,-
2025-03-22 14:43:24.586,BlockTimeStatus,hdxuiw,18,Male,1,-,-,-,-,-,-,-,-,-,-,-,-,-,-,-,-,-,-,-,-,-,-,-,-,-,-,-,-,-,-,-,-,-,-,-,-,-,46.39,0,73.61,0.00,-,-,-,-,-,-,-,-,-,-,-,-,-,-,-,-
2025-03-22 14:43:24.588,ScoreUpdate,hdxuiw,18,Male,1,4,-,-,-,-,-,-,-,-,10,0,-,-,-,-,-,-,-,-,-,-,-,-,-,-,-,-,False,-,-,-,-,-,-,-,0,ScoreAdded,-,-,-,-,-,-,-,-,-,-,-,-,-,-,-,-,-,-,-,-
2025-03-22 14:43:24.773,InfoMessage,hdxuiw,18,Male,-,-,-,-,-,-,-,-,-,-,-,-,-,-,-,-,-,-,-,-,-,-,-,-,-,-,-,-,-,-,Score Manager Destroyed,Final Total Score: 0, Final Practice Score: 0,-,-,-,-,-,-,-,-,-,-,-,-,-,-,-,-,-,-,-,-,-,-,-,-,-,-
2025-03-22 14:43:25.026,BlockTimeStatus,hdxuiw,18,Male,1,-,-,-,-,-,-,-,-,-,-,-,-,-,-,-,-,-,-,-,-,-,-,-,-,-,-,-,-,-,-,-,-,-,-,-,-,-,46.33,0,73.67,0.00,-,-,-,-,-,-,-,-,-,-,-,-,-,-,-,-
2025-03-22 14:43:30.638,InfoMessage,hdxuiw,18,Male,-,-,-,-,-,-,-,-,-,-,-,-,-,-,-,-,-,-,-,-,-,-,-,-,-,-,-,-,-,-,Score Manager Destroyed,Final Total Score: 0, Final Practice Score: 0,-,-,-,-,-,-,-,-,-,-,-,-,-,-,-,-,-,-,-,-,-,-,-,-,-,-
2025-03-22 14:43:33.116,DecisionOutcome,hdxuiw,18,Male,1,4,1,2,NoDecision,2.500,Timeout,False,0.000,0,-,-,-,-,-,-,-,-,-,-,-,-,-,-,-,-,-,-,False,-,-,-,-,-,-,-,-,-,-,-,-,-,-,-,-,-,-,-,-,-,-,-,-,-,-,-,-,-
2025-03-22 14:43:33.117,BlockTimeStatus,hdxuiw,18,Male,1,-,-,-,-,-,-,-,-,-,-,-,-,-,-,-,-,-,-,-,-,-,-,-,-,-,-,-,-,-,-,-,-,-,-,-,-,-,38.42,0,81.58,0.00,-,-,-,-,-,-,-,-,-,-,-,-,-,-,-,-
2025-03-22 14:43:33.118,ScoreUpdate,hdxuiw,18,Male,1,5,-,-,-,-,-,-,-,-,10,0,-,-,-,-,-,-,-,-,-,-,-,-,-,-,-,-,False,-,-,-,-,-,-,-,0,ScoreAdded,-,-,-,-,-,-,-,-,-,-,-,-,-,-,-,-,-,-,-,-
2025-03-22 14:43:33.294,InfoMessage,hdxuiw,18,Male,-,-,-,-,-,-,-,-,-,-,-,-,-,-,-,-,-,-,-,-,-,-,-,-,-,-,-,-,-,-,Score Manager Destroyed,Final Total Score: 0, Final Practice Score: 0,-,-,-,-,-,-,-,-,-,-,-,-,-,-,-,-,-,-,-,-,-,-,-,-,-,-
2025-03-22 14:43:35.561,BlockTimeStatus,hdxuiw,18,Male,1,-,-,-,-,-,-,-,-,-,-,-,-,-,-,-,-,-,-,-,-,-,-,-,-,-,-,-,-,-,-,-,-,-,-,-,-,-,36.33,0,83.67,0.00,-,-,-,-,-,-,-,-,-,-,-,-,-,-,-,-
2025-03-22 14:43:39.150,InfoMessage,hdxuiw,18,Male,-,-,-,-,-,-,-,-,-,-,-,-,-,-,-,-,-,-,-,-,-,-,-,-,-,-,-,-,-,-,Score Manager Destroyed,Final Total Score: 0, Final Practice Score: 0,-,-,-,-,-,-,-,-,-,-,-,-,-,-,-,-,-,-,-,-,-,-,-,-,-,-
2025-03-22 14:43:41.647,DecisionOutcome,hdxuiw,18,Male,1,5,1,2,NoDecision,2.500,Timeout,False,0.000,0,-,-,-,-,-,-,-,-,-,-,-,-,-,-,-,-,-,-,False,-,-,-,-,-,-,-,-,-,-,-,-,-,-,-,-,-,-,-,-,-,-,-,-,-,-,-,-,-
2025-03-22 14:43:41.648,BlockTimeStatus,hdxuiw,18,Male,1,-,-,-,-,-,-,-,-,-,-,-,-,-,-,-,-,-,-,-,-,-,-,-,-,-,-,-,-,-,-,-,-,-,-,-,-,-,30.43,0,89.57,0.00,-,-,-,-,-,-,-,-,-,-,-,-,-,-,-,-
2025-03-22 14:43:41.649,ScoreUpdate,hdxuiw,18,Male,1,6,-,-,-,-,-,-,-,-,10,0,-,-,-,-,-,-,-,-,-,-,-,-,-,-,-,-,False,-,-,-,-,-,-,-,0,ScoreAdded,-,-,-,-,-,-,-,-,-,-,-,-,-,-,-,-,-,-,-,-
2025-03-22 14:43:41.824,InfoMessage,hdxuiw,18,Male,-,-,-,-,-,-,-,-,-,-,-,-,-,-,-,-,-,-,-,-,-,-,-,-,-,-,-,-,-,-,Score Manager Destroyed,Final Total Score: 0, Final Practice Score: 0,-,-,-,-,-,-,-,-,-,-,-,-,-,-,-,-,-,-,-,-,-,-,-,-,-,-
2025-03-22 14:43:46.106,BlockTimeStatus,hdxuiw,18,Male,1,-,-,-,-,-,-,-,-,-,-,-,-,-,-,-,-,-,-,-,-,-,-,-,-,-,-,-,-,-,-,-,-,-,-,-,-,-,26.33,0,93.67,0.00,-,-,-,-,-,-,-,-,-,-,-,-,-,-,-,-
2025-03-22 14:43:47.701,InfoMessage,hdxuiw,18,Male,-,-,-,-,-,-,-,-,-,-,-,-,-,-,-,-,-,-,-,-,-,-,-,-,-,-,-,-,-,-,Score Manager Destroyed,Final Total Score: 0, Final Practice Score: 0,-,-,-,-,-,-,-,-,-,-,-,-,-,-,-,-,-,-,-,-,-,-,-,-,-,-
2025-03-22 14:43:47.874,InfoMessage,hdxuiw,18,Male,-,-,-,-,-,-,-,-,-,-,-,-,-,-,-,-,-,-,-,-,-,-,-,-,-,-,-,-,-,-,Score Manager Destroyed,Final Total Score: 0, Final Practice Score: 0,-,-,-,-,-,-,-,-,-,-,-,-,-,-,-,-,-,-,-,-,-,-,-,-,-,-
2025-03-22 14:43:50.374,DecisionOutcome,hdxuiw,18,Male,1,6,2,4,NoDecision,2.500,Timeout,False,0.000,0,-,-,-,-,-,-,-,-,-,-,-,-,-,-,-,-,-,-,False,-,-,-,-,-,-,-,-,-,-,-,-,-,-,-,-,-,-,-,-,-,-,-,-,-,-,-,-,-
2025-03-22 14:43:50.375,BlockTimeStatus,hdxuiw,18,Male,1,-,-,-,-,-,-,-,-,-,-,-,-,-,-,-,-,-,-,-,-,-,-,-,-,-,-,-,-,-,-,-,-,-,-,-,-,-,22.44,0,97.56,0.00,-,-,-,-,-,-,-,-,-,-,-,-,-,-,-,-
2025-03-22 14:43:50.376,ScoreUpdate,hdxuiw,18,Male,1,7,-,-,-,-,-,-,-,-,10,0,-,-,-,-,-,-,-,-,-,-,-,-,-,-,-,-,False,-,-,-,-,-,-,-,0,ScoreAdded,-,-,-,-,-,-,-,-,-,-,-,-,-,-,-,-,-,-,-,-
2025-03-22 14:43:50.567,InfoMessage,hdxuiw,18,Male,-,-,-,-,-,-,-,-,-,-,-,-,-,-,-,-,-,-,-,-,-,-,-,-,-,-,-,-,-,-,Score Manager Destroyed,Final Total Score: 0, Final Practice Score: 0,-,-,-,-,-,-,-,-,-,-,-,-,-,-,-,-,-,-,-,-,-,-,-,-,-,-
2025-03-22 14:43:56.433,InfoMessage,hdxuiw,18,Male,-,-,-,-,-,-,-,-,-,-,-,-,-,-,-,-,-,-,-,-,-,-,-,-,-,-,-,-,-,-,Score Manager Destroyed,Final Total Score: 0, Final Practice Score: 0,-,-,-,-,-,-,-,-,-,-,-,-,-,-,-,-,-,-,-,-,-,-,-,-,-,-
2025-03-22 14:43:57.042,BlockTimeStatus,hdxuiw,18,Male,1,-,-,-,-,-,-,-,-,-,-,-,-,-,-,-,-,-,-,-,-,-,-,-,-,-,-,-,-,-,-,-,-,-,-,-,-,-,16.33,0,103.67,0.00,-,-,-,-,-,-,-,-,-,-,-,-,-,-,-,-
2025-03-22 14:43:58.921,DecisionOutcome,hdxuiw,18,Male,1,7,2,4,NoDecision,2.500,Timeout,False,0.000,0,-,-,-,-,-,-,-,-,-,-,-,-,-,-,-,-,-,-,False,-,-,-,-,-,-,-,-,-,-,-,-,-,-,-,-,-,-,-,-,-,-,-,-,-,-,-,-,-
2025-03-22 14:43:58.922,BlockTimeStatus,hdxuiw,18,Male,1,-,-,-,-,-,-,-,-,-,-,-,-,-,-,-,-,-,-,-,-,-,-,-,-,-,-,-,-,-,-,-,-,-,-,-,-,-,14.45,0,105.55,0.00,-,-,-,-,-,-,-,-,-,-,-,-,-,-,-,-
2025-03-22 14:43:58.923,ScoreUpdate,hdxuiw,18,Male,1,8,-,-,-,-,-,-,-,-,10,0,-,-,-,-,-,-,-,-,-,-,-,-,-,-,-,-,False,-,-,-,-,-,-,-,0,ScoreAdded,-,-,-,-,-,-,-,-,-,-,-,-,-,-,-,-,-,-,-,-
2025-03-22 14:43:59.097,InfoMessage,hdxuiw,18,Male,-,-,-,-,-,-,-,-,-,-,-,-,-,-,-,-,-,-,-,-,-,-,-,-,-,-,-,-,-,-,Score Manager Destroyed,Final Total Score: 0, Final Practice Score: 0,-,-,-,-,-,-,-,-,-,-,-,-,-,-,-,-,-,-,-,-,-,-,-,-,-,-
2025-03-22 14:44:04.953,InfoMessage,hdxuiw,18,Male,-,-,-,-,-,-,-,-,-,-,-,-,-,-,-,-,-,-,-,-,-,-,-,-,-,-,-,-,-,-,Score Manager Destroyed,Final Total Score: 0, Final Practice Score: 0,-,-,-,-,-,-,-,-,-,-,-,-,-,-,-,-,-,-,-,-,-,-,-,-,-,-
2025-03-22 14:44:28.406,BlockTimeStatus,hdxuiw,18,Male,2,-,-,-,-,-,-,-,-,-,-,-,-,-,-,-,-,-,-,-,-,-,-,-,-,-,-,-,-,-,-,-,-,-,-,-,-,-,52.15,0,67.85,0.00,-,-,-,-,-,-,-,-,-,-,-,-,-,-,-,-
2025-03-22 14:44:38.407,BlockTimeStatus,hdxuiw,18,Male,2,-,-,-,-,-,-,-,-,-,-,-,-,-,-,-,-,-,-,-,-,-,-,-,-,-,-,-,-,-,-,-,-,-,-,-,-,-,42.15,0,77.85,0.00,-,-,-,-,-,-,-,-,-,-,-,-,-,-,-,-
2025-03-22 14:44:48.406,BlockTimeStatus,hdxuiw,18,Male,2,-,-,-,-,-,-,-,-,-,-,-,-,-,-,-,-,-,-,-,-,-,-,-,-,-,-,-,-,-,-,-,-,-,-,-,-,-,32.15,0,87.85,0.00,-,-,-,-,-,-,-,-,-,-,-,-,-,-,-,-
2025-03-22 14:44:50.728,InfoMessage,hdxuiw,18,Male,-,-,-,-,-,-,-,-,-,-,-,-,-,-,-,-,-,-,-,-,-,-,-,-,-,-,-,-,-,-,Score Manager Destroyed,Final Total Score: 0, Final Practice Score: 0,-,-,-,-,-,-,-,-,-,-,-,-,-,-,-,-,-,-,-,-,-,-,-,-,-,-
2025-03-22 14:44:53.208,DecisionOutcome,hdxuiw,18,Male,2,8,2,4,NoDecision,2.500,Timeout,False,0.000,0,-,-,-,-,-,-,-,-,-,-,-,-,-,-,-,-,-,-,False,-,-,-,-,-,-,-,-,-,-,-,-,-,-,-,-,-,-,-,-,-,-,-,-,-,-,-,-,-
2025-03-22 14:44:53.209,BlockTimeStatus,hdxuiw,18,Male,2,-,-,-,-,-,-,-,-,-,-,-,-,-,-,-,-,-,-,-,-,-,-,-,-,-,-,-,-,-,-,-,-,-,-,-,-,-,57.52,0,62.48,0.00,-,-,-,-,-,-,-,-,-,-,-,-,-,-,-,-
2025-03-22 14:44:53.210,ScoreUpdate,hdxuiw,18,Male,2,9,-,-,-,-,-,-,-,-,10,0,-,-,-,-,-,-,-,-,-,-,-,-,-,-,-,-,False,-,-,-,-,-,-,-,0,ScoreAdded,-,-,-,-,-,-,-,-,-,-,-,-,-,-,-,-,-,-,-,-
2025-03-22 14:44:53.391,InfoMessage,hdxuiw,18,Male,-,-,-,-,-,-,-,-,-,-,-,-,-,-,-,-,-,-,-,-,-,-,-,-,-,-,-,-,-,-,Score Manager Destroyed,Final Total Score: 0, Final Practice Score: 0,-,-,-,-,-,-,-,-,-,-,-,-,-,-,-,-,-,-,-,-,-,-,-,-,-,-
2025-03-22 14:44:58.968,BlockTimeStatus,hdxuiw,18,Male,2,-,-,-,-,-,-,-,-,-,-,-,-,-,-,-,-,-,-,-,-,-,-,-,-,-,-,-,-,-,-,-,-,-,-,-,-,-,52.11,0,67.89,0.00,-,-,-,-,-,-,-,-,-,-,-,-,-,-,-,-
2025-03-22 14:44:59.308,InfoMessage,hdxuiw,18,Male,-,-,-,-,-,-,-,-,-,-,-,-,-,-,-,-,-,-,-,-,-,-,-,-,-,-,-,-,-,-,Score Manager Destroyed,Final Total Score: 0, Final Practice Score: 0,-,-,-,-,-,-,-,-,-,-,-,-,-,-,-,-,-,-,-,-,-,-,-,-,-,-
2025-03-22 14:44:59.512,InfoMessage,hdxuiw,18,Male,-,-,-,-,-,-,-,-,-,-,-,-,-,-,-,-,-,-,-,-,-,-,-,-,-,-,-,-,-,-,Score Manager Destroyed,Final Total Score: 0, Final Practice Score: 0,-,-,-,-,-,-,-,-,-,-,-,-,-,-,-,-,-,-,-,-,-,-,-,-,-,-
2025-03-22 14:45:01.990,DecisionOutcome,hdxuiw,18,Male,2,9,3,5,NoDecision,2.500,Timeout,False,0.000,0,-,-,-,-,-,-,-,-,-,-,-,-,-,-,-,-,-,-,False,-,-,-,-,-,-,-,-,-,-,-,-,-,-,-,-,-,-,-,-,-,-,-,-,-,-,-,-,-
2025-03-22 14:45:01.990,BlockTimeStatus,hdxuiw,18,Male,2,-,-,-,-,-,-,-,-,-,-,-,-,-,-,-,-,-,-,-,-,-,-,-,-,-,-,-,-,-,-,-,-,-,-,-,-,-,49.55,0,70.45,0.00,-,-,-,-,-,-,-,-,-,-,-,-,-,-,-,-
2025-03-22 14:45:01.992,ScoreUpdate,hdxuiw,18,Male,2,10,-,-,-,-,-,-,-,-,10,0,-,-,-,-,-,-,-,-,-,-,-,-,-,-,-,-,False,-,-,-,-,-,-,-,0,ScoreAdded,-,-,-,-,-,-,-,-,-,-,-,-,-,-,-,-,-,-,-,-
2025-03-22 14:45:02.172,InfoMessage,hdxuiw,18,Male,-,-,-,-,-,-,-,-,-,-,-,-,-,-,-,-,-,-,-,-,-,-,-,-,-,-,-,-,-,-,Score Manager Destroyed,Final Total Score: 0, Final Practice Score: 0,-,-,-,-,-,-,-,-,-,-,-,-,-,-,-,-,-,-,-,-,-,-,-,-,-,-
2025-03-22 14:45:08.034,InfoMessage,hdxuiw,18,Male,-,-,-,-,-,-,-,-,-,-,-,-,-,-,-,-,-,-,-,-,-,-,-,-,-,-,-,-,-,-,Score Manager Destroyed,Final Total Score: 0, Final Practice Score: 0,-,-,-,-,-,-,-,-,-,-,-,-,-,-,-,-,-,-,-,-,-,-,-,-,-,-
2025-03-22 14:45:09.972,BlockTimeStatus,hdxuiw,18,Male,2,-,-,-,-,-,-,-,-,-,-,-,-,-,-,-,-,-,-,-,-,-,-,-,-,-,-,-,-,-,-,-,-,-,-,-,-,-,42.13,0,77.87,0.00,-,-,-,-,-,-,-,-,-,-,-,-,-,-,-,-
2025-03-22 14:45:10.537,DecisionOutcome,hdxuiw,18,Male,2,10,3,5,NoDecision,2.500,Timeout,False,0.000,0,-,-,-,-,-,-,-,-,-,-,-,-,-,-,-,-,-,-,False,-,-,-,-,-,-,-,-,-,-,-,-,-,-,-,-,-,-,-,-,-,-,-,-,-,-,-,-,-
2025-03-22 14:45:10.537,BlockTimeStatus,hdxuiw,18,Male,2,-,-,-,-,-,-,-,-,-,-,-,-,-,-,-,-,-,-,-,-,-,-,-,-,-,-,-,-,-,-,-,-,-,-,-,-,-,41.56,0,78.44,0.00,-,-,-,-,-,-,-,-,-,-,-,-,-,-,-,-
2025-03-22 14:45:10.538,ScoreUpdate,hdxuiw,18,Male,2,11,-,-,-,-,-,-,-,-,10,0,-,-,-,-,-,-,-,-,-,-,-,-,-,-,-,-,False,-,-,-,-,-,-,-,0,ScoreAdded,-,-,-,-,-,-,-,-,-,-,-,-,-,-,-,-,-,-,-,-
2025-03-22 14:45:10.718,InfoMessage,hdxuiw,18,Male,-,-,-,-,-,-,-,-,-,-,-,-,-,-,-,-,-,-,-,-,-,-,-,-,-,-,-,-,-,-,Score Manager Destroyed,Final Total Score: 0, Final Practice Score: 0,-,-,-,-,-,-,-,-,-,-,-,-,-,-,-,-,-,-,-,-,-,-,-,-,-,-
2025-03-22 14:45:16.564,InfoMessage,hdxuiw,18,Male,-,-,-,-,-,-,-,-,-,-,-,-,-,-,-,-,-,-,-,-,-,-,-,-,-,-,-,-,-,-,Score Manager Destroyed,Final Total Score: 0, Final Practice Score: 0,-,-,-,-,-,-,-,-,-,-,-,-,-,-,-,-,-,-,-,-,-,-,-,-,-,-
2025-03-22 14:45:19.059,DecisionOutcome,hdxuiw,18,Male,2,11,1,2,NoDecision,2.500,Timeout,False,0.000,0,-,-,-,-,-,-,-,-,-,-,-,-,-,-,-,-,-,-,False,-,-,-,-,-,-,-,-,-,-,-,-,-,-,-,-,-,-,-,-,-,-,-,-,-,-,-,-,-
2025-03-22 14:45:19.060,BlockTimeStatus,hdxuiw,18,Male,2,-,-,-,-,-,-,-,-,-,-,-,-,-,-,-,-,-,-,-,-,-,-,-,-,-,-,-,-,-,-,-,-,-,-,-,-,-,33.58,0,86.42,0.00,-,-,-,-,-,-,-,-,-,-,-,-,-,-,-,-
2025-03-22 14:45:19.061,ScoreUpdate,hdxuiw,18,Male,2,12,-,-,-,-,-,-,-,-,10,0,-,-,-,-,-,-,-,-,-,-,-,-,-,-,-,-,False,-,-,-,-,-,-,-,0,ScoreAdded,-,-,-,-,-,-,-,-,-,-,-,-,-,-,-,-,-,-,-,-
2025-03-22 14:45:19.238,InfoMessage,hdxuiw,18,Male,-,-,-,-,-,-,-,-,-,-,-,-,-,-,-,-,-,-,-,-,-,-,-,-,-,-,-,-,-,-,Score Manager Destroyed,Final Total Score: 0, Final Practice Score: 0,-,-,-,-,-,-,-,-,-,-,-,-,-,-,-,-,-,-,-,-,-,-,-,-,-,-
2025-03-22 14:45:20.875,BlockTimeStatus,hdxuiw,18,Male,2,-,-,-,-,-,-,-,-,-,-,-,-,-,-,-,-,-,-,-,-,-,-,-,-,-,-,-,-,-,-,-,-,-,-,-,-,-,32.13,0,87.87,0.00,-,-,-,-,-,-,-,-,-,-,-,-,-,-,-,-
2025-03-22 14:45:20.879,BlockTimeStatus,hdxuiw,18,Male,2,-,-,-,-,-,-,-,-,-,-,-,-,-,-,-,-,-,-,-,-,-,-,-,-,-,-,-,-,-,-,-,-,-,-,-,-,-,32.12,0,87.88,0.00,-,-,-,-,-,-,-,-,-,-,-,-,-,-,-,-
2025-03-22 14:45:25.110,InfoMessage,hdxuiw,18,Male,-,-,-,-,-,-,-,-,-,-,-,-,-,-,-,-,-,-,-,-,-,-,-,-,-,-,-,-,-,-,Score Manager Destroyed,Final Total Score: 0, Final Practice Score: 0,-,-,-,-,-,-,-,-,-,-,-,-,-,-,-,-,-,-,-,-,-,-,-,-,-,-
2025-03-22 14:45:27.608,DecisionOutcome,hdxuiw,18,Male,2,12,3,5,NoDecision,2.500,Timeout,False,0.000,0,-,-,-,-,-,-,-,-,-,-,-,-,-,-,-,-,-,-,False,-,-,-,-,-,-,-,-,-,-,-,-,-,-,-,-,-,-,-,-,-,-,-,-,-,-,-,-,-
2025-03-22 14:45:27.608,BlockTimeStatus,hdxuiw,18,Male,2,-,-,-,-,-,-,-,-,-,-,-,-,-,-,-,-,-,-,-,-,-,-,-,-,-,-,-,-,-,-,-,-,-,-,-,-,-,25.59,0,94.41,0.00,-,-,-,-,-,-,-,-,-,-,-,-,-,-,-,-
2025-03-22 14:45:27.609,ScoreUpdate,hdxuiw,18,Male,2,13,-,-,-,-,-,-,-,-,10,0,-,-,-,-,-,-,-,-,-,-,-,-,-,-,-,-,False,-,-,-,-,-,-,-,0,ScoreAdded,-,-,-,-,-,-,-,-,-,-,-,-,-,-,-,-,-,-,-,-
2025-03-22 14:45:27.789,InfoMessage,hdxuiw,18,Male,-,-,-,-,-,-,-,-,-,-,-,-,-,-,-,-,-,-,-,-,-,-,-,-,-,-,-,-,-,-,Score Manager Destroyed,Final Total Score: 0, Final Practice Score: 0,-,-,-,-,-,-,-,-,-,-,-,-,-,-,-,-,-,-,-,-,-,-,-,-,-,-
2025-03-22 14:45:31.433,BlockTimeStatus,hdxuiw,18,Male,2,-,-,-,-,-,-,-,-,-,-,-,-,-,-,-,-,-,-,-,-,-,-,-,-,-,-,-,-,-,-,-,-,-,-,-,-,-,22.13,0,97.87,0.00,-,-,-,-,-,-,-,-,-,-,-,-,-,-,-,-
2025-03-22 14:45:33.645,InfoMessage,hdxuiw,18,Male,-,-,-,-,-,-,-,-,-,-,-,-,-,-,-,-,-,-,-,-,-,-,-,-,-,-,-,-,-,-,Score Manager Destroyed,Final Total Score: 0, Final Practice Score: 0,-,-,-,-,-,-,-,-,-,-,-,-,-,-,-,-,-,-,-,-,-,-,-,-,-,-
2025-03-22 14:45:36.143,DecisionOutcome,hdxuiw,18,Male,2,13,1,2,NoDecision,2.500,Timeout,False,0.000,0,-,-,-,-,-,-,-,-,-,-,-,-,-,-,-,-,-,-,False,-,-,-,-,-,-,-,-,-,-,-,-,-,-,-,-,-,-,-,-,-,-,-,-,-,-,-,-,-
2025-03-22 14:45:36.144,BlockTimeStatus,hdxuiw,18,Male,2,-,-,-,-,-,-,-,-,-,-,-,-,-,-,-,-,-,-,-,-,-,-,-,-,-,-,-,-,-,-,-,-,-,-,-,-,-,17.60,0,102.40,0.00,-,-,-,-,-,-,-,-,-,-,-,-,-,-,-,-
2025-03-22 14:45:36.145,ScoreUpdate,hdxuiw,18,Male,2,14,-,-,-,-,-,-,-,-,10,0,-,-,-,-,-,-,-,-,-,-,-,-,-,-,-,-,False,-,-,-,-,-,-,-,0,ScoreAdded,-,-,-,-,-,-,-,-,-,-,-,-,-,-,-,-,-,-,-,-
2025-03-22 14:45:36.319,InfoMessage,hdxuiw,18,Male,-,-,-,-,-,-,-,-,-,-,-,-,-,-,-,-,-,-,-,-,-,-,-,-,-,-,-,-,-,-,Score Manager Destroyed,Final Total Score: 0, Final Practice Score: 0,-,-,-,-,-,-,-,-,-,-,-,-,-,-,-,-,-,-,-,-,-,-,-,-,-,-
2025-03-22 14:45:41.963,BlockTimeStatus,hdxuiw,18,Male,2,-,-,-,-,-,-,-,-,-,-,-,-,-,-,-,-,-,-,-,-,-,-,-,-,-,-,-,-,-,-,-,-,-,-,-,-,-,12.13,0,107.87,0.00,-,-,-,-,-,-,-,-,-,-,-,-,-,-,-,-
2025-03-22 14:45:42.161,InfoMessage,hdxuiw,18,Male,-,-,-,-,-,-,-,-,-,-,-,-,-,-,-,-,-,-,-,-,-,-,-,-,-,-,-,-,-,-,Score Manager Destroyed,Final Total Score: 0, Final Practice Score: 0,-,-,-,-,-,-,-,-,-,-,-,-,-,-,-,-,-,-,-,-,-,-,-,-,-,-
2025-03-22 14:45:44.664,DecisionOutcome,hdxuiw,18,Male,2,14,3,5,NoDecision,2.500,Timeout,False,0.000,0,-,-,-,-,-,-,-,-,-,-,-,-,-,-,-,-,-,-,False,-,-,-,-,-,-,-,-,-,-,-,-,-,-,-,-,-,-,-,-,-,-,-,-,-,-,-,-,-
2025-03-22 14:45:44.665,BlockTimeStatus,hdxuiw,18,Male,2,-,-,-,-,-,-,-,-,-,-,-,-,-,-,-,-,-,-,-,-,-,-,-,-,-,-,-,-,-,-,-,-,-,-,-,-,-,9.61,0,110.39,0.00,-,-,-,-,-,-,-,-,-,-,-,-,-,-,-,-
2025-03-22 14:45:44.666,ScoreUpdate,hdxuiw,18,Male,2,15,-,-,-,-,-,-,-,-,10,0,-,-,-,-,-,-,-,-,-,-,-,-,-,-,-,-,False,-,-,-,-,-,-,-,0,ScoreAdded,-,-,-,-,-,-,-,-,-,-,-,-,-,-,-,-,-,-,-,-
2025-03-22 14:45:44.843,InfoMessage,hdxuiw,18,Male,-,-,-,-,-,-,-,-,-,-,-,-,-,-,-,-,-,-,-,-,-,-,-,-,-,-,-,-,-,-,Score Manager Destroyed,Final Total Score: 0, Final Practice Score: 0,-,-,-,-,-,-,-,-,-,-,-,-,-,-,-,-,-,-,-,-,-,-,-,-,-,-
2025-03-22 14:47:00.063,TirednessRating,hdxuiw,18,Male,-,-,-,-,-,-,-,-,-,-,-,-,Tiredness rating collected before EndExperiment scene,-,-,-,-,-,3,-,-,-,-,-,-,-,-,-,-,-,-,-,-,-,-,-,-,-,-,-,-,-,-,-,-,-,-,-,-,3,1-10,1=Not tired at all, 10=Extremely tired,-,-,-,-,-,-
2025-03-22 14:47:25.098,ParticipantFeedback,hdxuiw,18,Male,-,-,-,-,-,-,-,-,-,-,-,-,Feedback collected on EndExperiment scene,-,-,-,-,-,-,very ,-,-,-,-,-,-,-,-,-,-,-,-,-,-,-,-,-,-,-,-,-,-,-,-,-,-,-,-,-,-,-,-,-,-,-,-,-,-
2025-03-22 14:47:30.027,EndExperimentSubmission,hdxuiw,18,Male,-,-,-,-,-,-,-,-,-,-,10,-,-,-,-,-,-,-,-,very great,-,-,-,-,-,-,-,-,-,-,-,-,-,-,-,-,-,-,-,-,-,-,-,-,-,-,-,-,-,-,-,-,-,247.40,True,-,-,-
