Timestamp,EventType,ParticipantID,ParticipantAge,ParticipantGender,BlockNumber,TrialNumber,EffortLevel,RequiredPresses,DecisionType,DecisionTime,OutcomeType,RewardCollected,MovementDuration,TotalPresses,TotalScore,PracticeScore,AdditionalInfo,StartX,StartY,EndX,EndY,StepDuration,TirednessRating,ParticipantFeedback,PenaltyType,PenaltyDuration,RemainingTime,TotalBlocks,TrialsPerBlock,TotalTrials,BlockOrder,BlockDistribution
2025-03-23 16:23:33.960,ExperimentSetup,6639ba1a258d1a06a958a91d,21,Male,-,-,-,-,-,-,-,-,-,-,-,-,-,-,-,-,-,-,-,-,-,-,2,-1,-2,1,2,Block1=1;Block2=1,2025-03-23 16:23:33,True,274E183A,-,-,-,-,-,-,-,-,-,-,-,-,-,-,-,-,-,-,-,-,-,-,-,-,-,-,-,-,-
2025-03-23 16:23:57.176,InfoMessage,6639ba1a258d1a06a958a91d,21,Male,-,-,-,-,-,-,-,-,-,-,-,-,-,-,-,-,-,-,-,-,-,-,-,-,-,-,-,-,-,-,-,-,Score Manager Destroyed,Final Total Score: 0, Final Practice Score: 0,-,-,-,-,-,-,-,-,-,-,-,-,-,-,-,-,-,-,-,-,-,-,-,-,-
2025-03-23 16:23:59.645,DecisionOutcome,6639ba1a258d1a06a958a91d,21,Male,1,1,1,2,NoDecision,2.500,Timeout,False,0.000,0,-,-,-,-,-,-,-,-,-,-,-,-,-,-,-,-,-,-,-,-,False,-,-,-,-,-,-,-,-,-,-,-,-,-,-,-,-,-,-,-,-,-,-,-,-,-,-,-,-
2025-03-23 16:23:59.647,ScoreUpdate,6639ba1a258d1a06a958a91d,21,Male,1,1,-,-,-,-,-,-,-,-,0,0,-,-,-,-,-,-,-,-,-,-,-,-,-,-,-,-,-,-,False,-,-,-,-,-,-,0,ScoreAdded,-,-,-,-,-,-,-,-,-,-,-,-,-,-,-,-,-,-,-,-
2025-03-23 16:23:59.649,PenaltyStart,6639ba1a258d1a06a958a91d,21,Male,-,1,-,-,-,-,-,-,-,-,-,-,-,-,-,-,-,-,-,-,NoDecision,5,-,-,-,-,-,-,-,-,-,-,-,-,-,-,-,-,-,-,-,-,-,-,-,-,-,-,-,-,-,-,-,-,-,-,-,-,-
2025-03-23 16:24:05.500,BlockTimeStatus,6639ba1a258d1a06a958a91d,21,Male,1,-,-,-,-,-,-,-,-,-,-,-,-,-,-,-,-,-,-,-,-,-,-,-,-,-,-,-,-,-,-,-,-,-,-,-,-,-,-,292.42,0,-172.42,0.00,-,-,-,-,-,-,-,-,-,-,-,-,-,-,-,-
2025-03-23 16:24:05.882,InfoMessage,6639ba1a258d1a06a958a91d,21,Male,-,-,-,-,-,-,-,-,-,-,-,-,-,-,-,-,-,-,-,-,-,-,-,-,-,-,-,-,-,-,-,-,Score Manager Destroyed,Final Total Score: 0, Final Practice Score: 0,-,-,-,-,-,-,-,-,-,-,-,-,-,-,-,-,-,-,-,-,-,-,-,-,-
2025-03-23 16:24:07.707,BlockTimeStatus,6639ba1a258d1a06a958a91d,21,Male,1,-,-,-,-,-,-,-,-,-,-,-,-,-,-,-,-,-,-,-,-,-,-,-,-,-,-,-,-,-,-,-,-,-,-,-,-,-,-,290.55,0,-170.55,0.00,-,-,-,-,-,-,-,-,-,-,-,-,-,-,-,-
2025-03-23 16:24:08.273,DecisionOutcome,6639ba1a258d1a06a958a91d,21,Male,1,2,2,4,NoDecision,2.500,Timeout,False,0.000,0,-,-,-,-,-,-,-,-,-,-,-,-,-,-,-,-,-,-,-,-,False,-,-,-,-,-,-,-,-,-,-,-,-,-,-,-,-,-,-,-,-,-,-,-,-,-,-,-,-
2025-03-23 16:24:08.274,ScoreUpdate,6639ba1a258d1a06a958a91d,21,Male,1,2,-,-,-,-,-,-,-,-,0,0,-,-,-,-,-,-,-,-,-,-,-,-,-,-,-,-,-,-,False,-,-,-,-,-,-,0,ScoreAdded,-,-,-,-,-,-,-,-,-,-,-,-,-,-,-,-,-,-,-,-
2025-03-23 16:24:08.275,PenaltyStart,6639ba1a258d1a06a958a91d,21,Male,-,2,-,-,-,-,-,-,-,-,-,-,-,-,-,-,-,-,-,-,NoDecision,5,-,-,-,-,-,-,-,-,-,-,-,-,-,-,-,-,-,-,-,-,-,-,-,-,-,-,-,-,-,-,-,-,-,-,-,-,-
2025-03-23 16:24:13.651,BlockTimeStatus,6639ba1a258d1a06a958a91d,21,Male,1,-,-,-,-,-,-,-,-,-,-,-,-,-,-,-,-,-,-,-,-,-,-,-,-,-,-,-,-,-,-,-,-,-,-,-,-,-,-,284.88,0,-164.88,0.00,-,-,-,-,-,-,-,-,-,-,-,-,-,-,-,-
2025-03-23 16:24:13.885,InfoMessage,6639ba1a258d1a06a958a91d,21,Male,-,-,-,-,-,-,-,-,-,-,-,-,-,-,-,-,-,-,-,-,-,-,-,-,-,-,-,-,-,-,-,-,Score Manager Destroyed,Final Total Score: 0, Final Practice Score: 0,-,-,-,-,-,-,-,-,-,-,-,-,-,-,-,-,-,-,-,-,-,-,-,-,-
2025-03-23 16:24:16.278,DecisionOutcome,6639ba1a258d1a06a958a91d,21,Male,1,3,2,4,NoDecision,2.500,Timeout,False,0.000,0,-,-,-,-,-,-,-,-,-,-,-,-,-,-,-,-,-,-,-,-,False,-,-,-,-,-,-,-,-,-,-,-,-,-,-,-,-,-,-,-,-,-,-,-,-,-,-,-,-
2025-03-23 16:24:16.279,ScoreUpdate,6639ba1a258d1a06a958a91d,21,Male,1,3,-,-,-,-,-,-,-,-,0,0,-,-,-,-,-,-,-,-,-,-,-,-,-,-,-,-,-,-,False,-,-,-,-,-,-,0,ScoreAdded,-,-,-,-,-,-,-,-,-,-,-,-,-,-,-,-,-,-,-,-
2025-03-23 16:24:16.280,PenaltyStart,6639ba1a258d1a06a958a91d,21,Male,-,3,-,-,-,-,-,-,-,-,-,-,-,-,-,-,-,-,-,-,NoDecision,5,-,-,-,-,-,-,-,-,-,-,-,-,-,-,-,-,-,-,-,-,-,-,-,-,-,-,-,-,-,-,-,-,-,-,-,-,-
2025-03-23 16:24:18.365,BlockTimeStatus,6639ba1a258d1a06a958a91d,21,Male,1,-,-,-,-,-,-,-,-,-,-,-,-,-,-,-,-,-,-,-,-,-,-,-,-,-,-,-,-,-,-,-,-,-,-,-,-,-,-,280.55,0,-160.55,0.00,-,-,-,-,-,-,-,-,-,-,-,-,-,-,-,-
2025-03-23 16:24:21.579,BlockTimeStatus,6639ba1a258d1a06a958a91d,21,Male,1,-,-,-,-,-,-,-,-,-,-,-,-,-,-,-,-,-,-,-,-,-,-,-,-,-,-,-,-,-,-,-,-,-,-,-,-,-,-,277.33,0,-157.33,0.00,-,-,-,-,-,-,-,-,-,-,-,-,-,-,-,-
2025-03-23 16:24:21.781,InfoMessage,6639ba1a258d1a06a958a91d,21,Male,-,-,-,-,-,-,-,-,-,-,-,-,-,-,-,-,-,-,-,-,-,-,-,-,-,-,-,-,-,-,-,-,Score Manager Destroyed,Final Total Score: 0, Final Practice Score: 0,-,-,-,-,-,-,-,-,-,-,-,-,-,-,-,-,-,-,-,-,-,-,-,-,-
2025-03-23 16:24:24.267,DecisionOutcome,6639ba1a258d1a06a958a91d,21,Male,1,4,1,2,NoDecision,2.500,Timeout,False,0.000,0,-,-,-,-,-,-,-,-,-,-,-,-,-,-,-,-,-,-,-,-,False,-,-,-,-,-,-,-,-,-,-,-,-,-,-,-,-,-,-,-,-,-,-,-,-,-,-,-,-
2025-03-23 16:24:24.268,ScoreUpdate,6639ba1a258d1a06a958a91d,21,Male,1,4,-,-,-,-,-,-,-,-,0,0,-,-,-,-,-,-,-,-,-,-,-,-,-,-,-,-,-,-,False,-,-,-,-,-,-,0,ScoreAdded,-,-,-,-,-,-,-,-,-,-,-,-,-,-,-,-,-,-,-,-
2025-03-23 16:24:24.269,PenaltyStart,6639ba1a258d1a06a958a91d,21,Male,-,4,-,-,-,-,-,-,-,-,-,-,-,-,-,-,-,-,-,-,NoDecision,5,-,-,-,-,-,-,-,-,-,-,-,-,-,-,-,-,-,-,-,-,-,-,-,-,-,-,-,-,-,-,-,-,-,-,-,-,-
2025-03-23 16:24:28.753,BlockTimeStatus,6639ba1a258d1a06a958a91d,21,Male,1,-,-,-,-,-,-,-,-,-,-,-,-,-,-,-,-,-,-,-,-,-,-,-,-,-,-,-,-,-,-,-,-,-,-,-,-,-,-,270.55,0,-150.55,0.00,-,-,-,-,-,-,-,-,-,-,-,-,-,-,-,-
2025-03-23 16:24:29.561,BlockTimeStatus,6639ba1a258d1a06a958a91d,21,Male,1,-,-,-,-,-,-,-,-,-,-,-,-,-,-,-,-,-,-,-,-,-,-,-,-,-,-,-,-,-,-,-,-,-,-,-,-,-,-,269.74,0,-149.74,0.00,-,-,-,-,-,-,-,-,-,-,-,-,-,-,-,-
2025-03-23 16:24:29.780,InfoMessage,6639ba1a258d1a06a958a91d,21,Male,-,-,-,-,-,-,-,-,-,-,-,-,-,-,-,-,-,-,-,-,-,-,-,-,-,-,-,-,-,-,-,-,Score Manager Destroyed,Final Total Score: 0, Final Practice Score: 0,-,-,-,-,-,-,-,-,-,-,-,-,-,-,-,-,-,-,-,-,-,-,-,-,-
2025-03-23 16:24:32.268,DecisionOutcome,6639ba1a258d1a06a958a91d,21,Male,1,5,3,5,NoDecision,2.500,Timeout,False,0.000,0,-,-,-,-,-,-,-,-,-,-,-,-,-,-,-,-,-,-,-,-,False,-,-,-,-,-,-,-,-,-,-,-,-,-,-,-,-,-,-,-,-,-,-,-,-,-,-,-,-
2025-03-23 16:24:32.269,ScoreUpdate,6639ba1a258d1a06a958a91d,21,Male,1,5,-,-,-,-,-,-,-,-,0,0,-,-,-,-,-,-,-,-,-,-,-,-,-,-,-,-,-,-,False,-,-,-,-,-,-,0,ScoreAdded,-,-,-,-,-,-,-,-,-,-,-,-,-,-,-,-,-,-,-,-
2025-03-23 16:24:32.270,PenaltyStart,6639ba1a258d1a06a958a91d,21,Male,-,5,-,-,-,-,-,-,-,-,-,-,-,-,-,-,-,-,-,-,NoDecision,5,-,-,-,-,-,-,-,-,-,-,-,-,-,-,-,-,-,-,-,-,-,-,-,-,-,-,-,-,-,-,-,-,-,-,-,-,-
2025-03-23 16:24:37.565,BlockTimeStatus,6639ba1a258d1a06a958a91d,21,Male,1,-,-,-,-,-,-,-,-,-,-,-,-,-,-,-,-,-,-,-,-,-,-,-,-,-,-,-,-,-,-,-,-,-,-,-,-,-,-,262.15,0,-142.15,0.00,-,-,-,-,-,-,-,-,-,-,-,-,-,-,-,-
2025-03-23 16:24:37.756,InfoMessage,6639ba1a258d1a06a958a91d,21,Male,-,-,-,-,-,-,-,-,-,-,-,-,-,-,-,-,-,-,-,-,-,-,-,-,-,-,-,-,-,-,-,-,Score Manager Destroyed,Final Total Score: 0, Final Practice Score: 0,-,-,-,-,-,-,-,-,-,-,-,-,-,-,-,-,-,-,-,-,-,-,-,-,-
2025-03-23 16:24:39.353,BlockTimeStatus,6639ba1a258d1a06a958a91d,21,Male,1,-,-,-,-,-,-,-,-,-,-,-,-,-,-,-,-,-,-,-,-,-,-,-,-,-,-,-,-,-,-,-,-,-,-,-,-,-,-,260.55,0,-140.55,0.00,-,-,-,-,-,-,-,-,-,-,-,-,-,-,-,-
2025-03-23 16:24:40.241,DecisionOutcome,6639ba1a258d1a06a958a91d,21,Male,1,6,1,2,NoDecision,2.500,Timeout,False,0.000,0,-,-,-,-,-,-,-,-,-,-,-,-,-,-,-,-,-,-,-,-,False,-,-,-,-,-,-,-,-,-,-,-,-,-,-,-,-,-,-,-,-,-,-,-,-,-,-,-,-
2025-03-23 16:24:40.242,ScoreUpdate,6639ba1a258d1a06a958a91d,21,Male,1,6,-,-,-,-,-,-,-,-,0,0,-,-,-,-,-,-,-,-,-,-,-,-,-,-,-,-,-,-,False,-,-,-,-,-,-,0,ScoreAdded,-,-,-,-,-,-,-,-,-,-,-,-,-,-,-,-,-,-,-,-
2025-03-23 16:24:40.243,PenaltyStart,6639ba1a258d1a06a958a91d,21,Male,-,6,-,-,-,-,-,-,-,-,-,-,-,-,-,-,-,-,-,-,NoDecision,5,-,-,-,-,-,-,-,-,-,-,-,-,-,-,-,-,-,-,-,-,-,-,-,-,-,-,-,-,-,-,-,-,-,-,-,-,-
2025-03-23 16:24:45.541,BlockTimeStatus,6639ba1a258d1a06a958a91d,21,Male,1,-,-,-,-,-,-,-,-,-,-,-,-,-,-,-,-,-,-,-,-,-,-,-,-,-,-,-,-,-,-,-,-,-,-,-,-,-,-,254.56,0,-134.56,0.00,-,-,-,-,-,-,-,-,-,-,-,-,-,-,-,-
2025-03-23 16:24:45.788,InfoMessage,6639ba1a258d1a06a958a91d,21,Male,-,-,-,-,-,-,-,-,-,-,-,-,-,-,-,-,-,-,-,-,-,-,-,-,-,-,-,-,-,-,-,-,Score Manager Destroyed,Final Total Score: 0, Final Practice Score: 0,-,-,-,-,-,-,-,-,-,-,-,-,-,-,-,-,-,-,-,-,-,-,-,-,-
2025-03-23 16:24:48.228,DecisionOutcome,6639ba1a258d1a06a958a91d,21,Male,1,7,2,4,NoDecision,2.500,Timeout,False,0.000,0,-,-,-,-,-,-,-,-,-,-,-,-,-,-,-,-,-,-,-,-,False,-,-,-,-,-,-,-,-,-,-,-,-,-,-,-,-,-,-,-,-,-,-,-,-,-,-,-,-
2025-03-23 16:24:48.229,ScoreUpdate,6639ba1a258d1a06a958a91d,21,Male,1,7,-,-,-,-,-,-,-,-,0,0,-,-,-,-,-,-,-,-,-,-,-,-,-,-,-,-,-,-,False,-,-,-,-,-,-,0,ScoreAdded,-,-,-,-,-,-,-,-,-,-,-,-,-,-,-,-,-,-,-,-
2025-03-23 16:24:48.230,PenaltyStart,6639ba1a258d1a06a958a91d,21,Male,-,7,-,-,-,-,-,-,-,-,-,-,-,-,-,-,-,-,-,-,NoDecision,5,-,-,-,-,-,-,-,-,-,-,-,-,-,-,-,-,-,-,-,-,-,-,-,-,-,-,-,-,-,-,-,-,-,-,-,-,-
2025-03-23 16:24:50.112,BlockTimeStatus,6639ba1a258d1a06a958a91d,21,Male,1,-,-,-,-,-,-,-,-,-,-,-,-,-,-,-,-,-,-,-,-,-,-,-,-,-,-,-,-,-,-,-,-,-,-,-,-,-,-,250.55,0,-130.55,0.00,-,-,-,-,-,-,-,-,-,-,-,-,-,-,-,-
2025-03-23 16:24:53.660,BlockTimeStatus,6639ba1a258d1a06a958a91d,21,Male,1,-,-,-,-,-,-,-,-,-,-,-,-,-,-,-,-,-,-,-,-,-,-,-,-,-,-,-,-,-,-,-,-,-,-,-,-,-,-,247.00,0,-127.00,0.00,-,-,-,-,-,-,-,-,-,-,-,-,-,-,-,-
2025-03-23 16:24:53.934,InfoMessage,6639ba1a258d1a06a958a91d,21,Male,-,-,-,-,-,-,-,-,-,-,-,-,-,-,-,-,-,-,-,-,-,-,-,-,-,-,-,-,-,-,-,-,Score Manager Destroyed,Final Total Score: 0, Final Practice Score: 0,-,-,-,-,-,-,-,-,-,-,-,-,-,-,-,-,-,-,-,-,-,-,-,-,-
2025-03-23 16:24:56.333,DecisionOutcome,6639ba1a258d1a06a958a91d,21,Male,1,8,2,4,NoDecision,2.500,Timeout,False,0.000,0,-,-,-,-,-,-,-,-,-,-,-,-,-,-,-,-,-,-,-,-,False,-,-,-,-,-,-,-,-,-,-,-,-,-,-,-,-,-,-,-,-,-,-,-,-,-,-,-,-
2025-03-23 16:24:56.334,ScoreUpdate,6639ba1a258d1a06a958a91d,21,Male,1,8,-,-,-,-,-,-,-,-,0,0,-,-,-,-,-,-,-,-,-,-,-,-,-,-,-,-,-,-,False,-,-,-,-,-,-,0,ScoreAdded,-,-,-,-,-,-,-,-,-,-,-,-,-,-,-,-,-,-,-,-
2025-03-23 16:24:56.335,PenaltyStart,6639ba1a258d1a06a958a91d,21,Male,-,8,-,-,-,-,-,-,-,-,-,-,-,-,-,-,-,-,-,-,NoDecision,5,-,-,-,-,-,-,-,-,-,-,-,-,-,-,-,-,-,-,-,-,-,-,-,-,-,-,-,-,-,-,-,-,-,-,-,-,-
2025-03-23 16:25:00.527,BlockTimeStatus,6639ba1a258d1a06a958a91d,21,Male,1,-,-,-,-,-,-,-,-,-,-,-,-,-,-,-,-,-,-,-,-,-,-,-,-,-,-,-,-,-,-,-,-,-,-,-,-,-,-,240.55,0,-120.55,0.00,-,-,-,-,-,-,-,-,-,-,-,-,-,-,-,-
2025-03-23 16:25:01.622,BlockTimeStatus,6639ba1a258d1a06a958a91d,21,Male,1,-,-,-,-,-,-,-,-,-,-,-,-,-,-,-,-,-,-,-,-,-,-,-,-,-,-,-,-,-,-,-,-,-,-,-,-,-,-,239.45,0,-119.45,0.00,-,-,-,-,-,-,-,-,-,-,-,-,-,-,-,-
2025-03-23 16:25:01.831,InfoMessage,6639ba1a258d1a06a958a91d,21,Male,-,-,-,-,-,-,-,-,-,-,-,-,-,-,-,-,-,-,-,-,-,-,-,-,-,-,-,-,-,-,-,-,Score Manager Destroyed,Final Total Score: 0, Final Practice Score: 0,-,-,-,-,-,-,-,-,-,-,-,-,-,-,-,-,-,-,-,-,-,-,-,-,-
2025-03-23 16:25:04.283,DecisionOutcome,6639ba1a258d1a06a958a91d,21,Male,1,9,1,2,NoDecision,2.500,Timeout,False,0.000,0,-,-,-,-,-,-,-,-,-,-,-,-,-,-,-,-,-,-,-,-,False,-,-,-,-,-,-,-,-,-,-,-,-,-,-,-,-,-,-,-,-,-,-,-,-,-,-,-,-
2025-03-23 16:25:04.284,ScoreUpdate,6639ba1a258d1a06a958a91d,21,Male,1,9,-,-,-,-,-,-,-,-,0,0,-,-,-,-,-,-,-,-,-,-,-,-,-,-,-,-,-,-,False,-,-,-,-,-,-,0,ScoreAdded,-,-,-,-,-,-,-,-,-,-,-,-,-,-,-,-,-,-,-,-
2025-03-23 16:25:04.285,PenaltyStart,6639ba1a258d1a06a958a91d,21,Male,-,9,-,-,-,-,-,-,-,-,-,-,-,-,-,-,-,-,-,-,NoDecision,5,-,-,-,-,-,-,-,-,-,-,-,-,-,-,-,-,-,-,-,-,-,-,-,-,-,-,-,-,-,-,-,-,-,-,-,-,-
2025-03-23 16:25:09.563,BlockTimeStatus,6639ba1a258d1a06a958a91d,21,Male,1,-,-,-,-,-,-,-,-,-,-,-,-,-,-,-,-,-,-,-,-,-,-,-,-,-,-,-,-,-,-,-,-,-,-,-,-,-,-,231.88,0,-111.88,0.00,-,-,-,-,-,-,-,-,-,-,-,-,-,-,-,-
2025-03-23 16:25:09.794,InfoMessage,6639ba1a258d1a06a958a91d,21,Male,-,-,-,-,-,-,-,-,-,-,-,-,-,-,-,-,-,-,-,-,-,-,-,-,-,-,-,-,-,-,-,-,Score Manager Destroyed,Final Total Score: 0, Final Practice Score: 0,-,-,-,-,-,-,-,-,-,-,-,-,-,-,-,-,-,-,-,-,-,-,-,-,-
2025-03-23 16:25:11.091,BlockTimeStatus,6639ba1a258d1a06a958a91d,21,Male,1,-,-,-,-,-,-,-,-,-,-,-,-,-,-,-,-,-,-,-,-,-,-,-,-,-,-,-,-,-,-,-,-,-,-,-,-,-,-,230.55,0,-110.55,0.00,-,-,-,-,-,-,-,-,-,-,-,-,-,-,-,-
2025-03-23 16:25:12.214,DecisionOutcome,6639ba1a258d1a06a958a91d,21,Male,1,10,3,5,NoDecision,2.500,Timeout,False,0.000,0,-,-,-,-,-,-,-,-,-,-,-,-,-,-,-,-,-,-,-,-,False,-,-,-,-,-,-,-,-,-,-,-,-,-,-,-,-,-,-,-,-,-,-,-,-,-,-,-,-
2025-03-23 16:25:12.216,ScoreUpdate,6639ba1a258d1a06a958a91d,21,Male,1,10,-,-,-,-,-,-,-,-,0,0,-,-,-,-,-,-,-,-,-,-,-,-,-,-,-,-,-,-,False,-,-,-,-,-,-,0,ScoreAdded,-,-,-,-,-,-,-,-,-,-,-,-,-,-,-,-,-,-,-,-
2025-03-23 16:25:12.217,PenaltyStart,6639ba1a258d1a06a958a91d,21,Male,-,10,-,-,-,-,-,-,-,-,-,-,-,-,-,-,-,-,-,-,NoDecision,5,-,-,-,-,-,-,-,-,-,-,-,-,-,-,-,-,-,-,-,-,-,-,-,-,-,-,-,-,-,-,-,-,-,-,-,-,-
2025-03-23 16:25:17.602,BlockTimeStatus,6639ba1a258d1a06a958a91d,21,Male,1,-,-,-,-,-,-,-,-,-,-,-,-,-,-,-,-,-,-,-,-,-,-,-,-,-,-,-,-,-,-,-,-,-,-,-,-,-,-,224.33,0,-104.33,0.00,-,-,-,-,-,-,-,-,-,-,-,-,-,-,-,-
2025-03-23 16:25:17.833,InfoMessage,6639ba1a258d1a06a958a91d,21,Male,-,-,-,-,-,-,-,-,-,-,-,-,-,-,-,-,-,-,-,-,-,-,-,-,-,-,-,-,-,-,-,-,Score Manager Destroyed,Final Total Score: 0, Final Practice Score: 0,-,-,-,-,-,-,-,-,-,-,-,-,-,-,-,-,-,-,-,-,-,-,-,-,-
2025-03-23 16:25:20.253,DecisionOutcome,6639ba1a258d1a06a958a91d,21,Male,1,11,3,5,NoDecision,2.500,Timeout,False,0.000,0,-,-,-,-,-,-,-,-,-,-,-,-,-,-,-,-,-,-,-,-,False,-,-,-,-,-,-,-,-,-,-,-,-,-,-,-,-,-,-,-,-,-,-,-,-,-,-,-,-
2025-03-23 16:25:20.255,ScoreUpdate,6639ba1a258d1a06a958a91d,21,Male,1,11,-,-,-,-,-,-,-,-,0,0,-,-,-,-,-,-,-,-,-,-,-,-,-,-,-,-,-,-,False,-,-,-,-,-,-,0,ScoreAdded,-,-,-,-,-,-,-,-,-,-,-,-,-,-,-,-,-,-,-,-
2025-03-23 16:25:20.255,PenaltyStart,6639ba1a258d1a06a958a91d,21,Male,-,11,-,-,-,-,-,-,-,-,-,-,-,-,-,-,-,-,-,-,NoDecision,5,-,-,-,-,-,-,-,-,-,-,-,-,-,-,-,-,-,-,-,-,-,-,-,-,-,-,-,-,-,-,-,-,-,-,-,-,-
2025-03-23 16:25:21.763,BlockTimeStatus,6639ba1a258d1a06a958a91d,21,Male,1,-,-,-,-,-,-,-,-,-,-,-,-,-,-,-,-,-,-,-,-,-,-,-,-,-,-,-,-,-,-,-,-,-,-,-,-,-,-,220.55,0,-100.55,0.00,-,-,-,-,-,-,-,-,-,-,-,-,-,-,-,-
2025-03-23 16:25:25.543,BlockTimeStatus,6639ba1a258d1a06a958a91d,21,Male,1,-,-,-,-,-,-,-,-,-,-,-,-,-,-,-,-,-,-,-,-,-,-,-,-,-,-,-,-,-,-,-,-,-,-,-,-,-,-,216.77,0,-96.77,0.00,-,-,-,-,-,-,-,-,-,-,-,-,-,-,-,-
2025-03-23 16:25:25.995,InfoMessage,6639ba1a258d1a06a958a91d,21,Male,-,-,-,-,-,-,-,-,-,-,-,-,-,-,-,-,-,-,-,-,-,-,-,-,-,-,-,-,-,-,-,-,Score Manager Destroyed,Final Total Score: 0, Final Practice Score: 0,-,-,-,-,-,-,-,-,-,-,-,-,-,-,-,-,-,-,-,-,-,-,-,-,-
2025-03-23 16:25:28.529,DecisionOutcome,6639ba1a258d1a06a958a91d,21,Male,1,12,3,5,NoDecision,2.500,Timeout,False,0.000,0,-,-,-,-,-,-,-,-,-,-,-,-,-,-,-,-,-,-,-,-,False,-,-,-,-,-,-,-,-,-,-,-,-,-,-,-,-,-,-,-,-,-,-,-,-,-,-,-,-
2025-03-23 16:25:28.530,ScoreUpdate,6639ba1a258d1a06a958a91d,21,Male,1,12,-,-,-,-,-,-,-,-,0,0,-,-,-,-,-,-,-,-,-,-,-,-,-,-,-,-,-,-,False,-,-,-,-,-,-,0,ScoreAdded,-,-,-,-,-,-,-,-,-,-,-,-,-,-,-,-,-,-,-,-
2025-03-23 16:25:28.531,PenaltyStart,6639ba1a258d1a06a958a91d,21,Male,-,12,-,-,-,-,-,-,-,-,-,-,-,-,-,-,-,-,-,-,NoDecision,5,-,-,-,-,-,-,-,-,-,-,-,-,-,-,-,-,-,-,-,-,-,-,-,-,-,-,-,-,-,-,-,-,-,-,-,-,-
2025-03-23 16:25:32.473,BlockTimeStatus,6639ba1a258d1a06a958a91d,21,Male,1,-,-,-,-,-,-,-,-,-,-,-,-,-,-,-,-,-,-,-,-,-,-,-,-,-,-,-,-,-,-,-,-,-,-,-,-,-,-,210.55,0,-90.55,0.00,-,-,-,-,-,-,-,-,-,-,-,-,-,-,-,-
2025-03-23 16:25:33.851,BlockTimeStatus,6639ba1a258d1a06a958a91d,21,Male,1,-,-,-,-,-,-,-,-,-,-,-,-,-,-,-,-,-,-,-,-,-,-,-,-,-,-,-,-,-,-,-,-,-,-,-,-,-,-,209.17,0,-89.17,0.00,-,-,-,-,-,-,-,-,-,-,-,-,-,-,-,-
2025-03-23 16:25:34.071,InfoMessage,6639ba1a258d1a06a958a91d,21,Male,-,-,-,-,-,-,-,-,-,-,-,-,-,-,-,-,-,-,-,-,-,-,-,-,-,-,-,-,-,-,-,-,Score Manager Destroyed,Final Total Score: 0, Final Practice Score: 0,-,-,-,-,-,-,-,-,-,-,-,-,-,-,-,-,-,-,-,-,-,-,-,-,-
2025-03-23 16:25:36.491,DecisionOutcome,6639ba1a258d1a06a958a91d,21,Male,1,1,1,2,NoDecision,2.500,Timeout,False,0.000,0,-,-,-,-,-,-,-,-,-,-,-,-,-,-,-,-,-,-,-,-,False,-,-,-,-,-,-,-,-,-,-,-,-,-,-,-,-,-,-,-,-,-,-,-,-,-,-,-,-
2025-03-23 16:25:36.492,ScoreUpdate,6639ba1a258d1a06a958a91d,21,Male,1,1,-,-,-,-,-,-,-,-,0,0,-,-,-,-,-,-,-,-,-,-,-,-,-,-,-,-,-,-,False,-,-,-,-,-,-,0,ScoreAdded,-,-,-,-,-,-,-,-,-,-,-,-,-,-,-,-,-,-,-,-
2025-03-23 16:25:36.494,PenaltyStart,6639ba1a258d1a06a958a91d,21,Male,-,1,-,-,-,-,-,-,-,-,-,-,-,-,-,-,-,-,-,-,NoDecision,5,-,-,-,-,-,-,-,-,-,-,-,-,-,-,-,-,-,-,-,-,-,-,-,-,-,-,-,-,-,-,-,-,-,-,-,-,-
2025-03-23 16:25:41.787,BlockTimeStatus,6639ba1a258d1a06a958a91d,21,Male,1,-,-,-,-,-,-,-,-,-,-,-,-,-,-,-,-,-,-,-,-,-,-,-,-,-,-,-,-,-,-,-,-,-,-,-,-,-,-,201.61,0,-81.61,0.00,-,-,-,-,-,-,-,-,-,-,-,-,-,-,-,-
2025-03-23 16:25:42.014,InfoMessage,6639ba1a258d1a06a958a91d,21,Male,-,-,-,-,-,-,-,-,-,-,-,-,-,-,-,-,-,-,-,-,-,-,-,-,-,-,-,-,-,-,-,-,Score Manager Destroyed,Final Total Score: 0, Final Practice Score: 0,-,-,-,-,-,-,-,-,-,-,-,-,-,-,-,-,-,-,-,-,-,-,-,-,-
2025-03-23 16:25:43.038,BlockTimeStatus,6639ba1a258d1a06a958a91d,21,Male,1,-,-,-,-,-,-,-,-,-,-,-,-,-,-,-,-,-,-,-,-,-,-,-,-,-,-,-,-,-,-,-,-,-,-,-,-,-,-,200.55,0,-80.55,0.00,-,-,-,-,-,-,-,-,-,-,-,-,-,-,-,-
2025-03-23 16:25:44.431,DecisionOutcome,6639ba1a258d1a06a958a91d,21,Male,1,2,2,4,NoDecision,2.500,Timeout,False,0.000,0,-,-,-,-,-,-,-,-,-,-,-,-,-,-,-,-,-,-,-,-,False,-,-,-,-,-,-,-,-,-,-,-,-,-,-,-,-,-,-,-,-,-,-,-,-,-,-,-,-
2025-03-23 16:25:44.432,ScoreUpdate,6639ba1a258d1a06a958a91d,21,Male,1,2,-,-,-,-,-,-,-,-,0,0,-,-,-,-,-,-,-,-,-,-,-,-,-,-,-,-,-,-,False,-,-,-,-,-,-,0,ScoreAdded,-,-,-,-,-,-,-,-,-,-,-,-,-,-,-,-,-,-,-,-
2025-03-23 16:25:44.433,PenaltyStart,6639ba1a258d1a06a958a91d,21,Male,-,2,-,-,-,-,-,-,-,-,-,-,-,-,-,-,-,-,-,-,NoDecision,5,-,-,-,-,-,-,-,-,-,-,-,-,-,-,-,-,-,-,-,-,-,-,-,-,-,-,-,-,-,-,-,-,-,-,-,-,-
2025-03-23 16:25:50.606,BlockTimeStatus,6639ba1a258d1a06a958a91d,21,Male,1,-,-,-,-,-,-,-,-,-,-,-,-,-,-,-,-,-,-,-,-,-,-,-,-,-,-,-,-,-,-,-,-,-,-,-,-,-,-,194.06,0,-74.06,0.00,-,-,-,-,-,-,-,-,-,-,-,-,-,-,-,-
2025-03-23 16:25:50.870,InfoMessage,6639ba1a258d1a06a958a91d,21,Male,-,-,-,-,-,-,-,-,-,-,-,-,-,-,-,-,-,-,-,-,-,-,-,-,-,-,-,-,-,-,-,-,Score Manager Destroyed,Final Total Score: 0, Final Practice Score: 0,-,-,-,-,-,-,-,-,-,-,-,-,-,-,-,-,-,-,-,-,-,-,-,-,-
2025-03-23 16:25:53.291,DecisionOutcome,6639ba1a258d1a06a958a91d,21,Male,1,3,2,4,NoDecision,2.500,Timeout,False,0.000,0,-,-,-,-,-,-,-,-,-,-,-,-,-,-,-,-,-,-,-,-,False,-,-,-,-,-,-,-,-,-,-,-,-,-,-,-,-,-,-,-,-,-,-,-,-,-,-,-,-
2025-03-23 16:25:53.292,ScoreUpdate,6639ba1a258d1a06a958a91d,21,Male,1,3,-,-,-,-,-,-,-,-,0,0,-,-,-,-,-,-,-,-,-,-,-,-,-,-,-,-,-,-,False,-,-,-,-,-,-,0,ScoreAdded,-,-,-,-,-,-,-,-,-,-,-,-,-,-,-,-,-,-,-,-
2025-03-23 16:25:53.293,PenaltyStart,6639ba1a258d1a06a958a91d,21,Male,-,3,-,-,-,-,-,-,-,-,-,-,-,-,-,-,-,-,-,-,NoDecision,5,-,-,-,-,-,-,-,-,-,-,-,-,-,-,-,-,-,-,-,-,-,-,-,-,-,-,-,-,-,-,-,-,-,-,-,-,-
2025-03-23 16:25:54.522,BlockTimeStatus,6639ba1a258d1a06a958a91d,21,Male,1,-,-,-,-,-,-,-,-,-,-,-,-,-,-,-,-,-,-,-,-,-,-,-,-,-,-,-,-,-,-,-,-,-,-,-,-,-,-,190.55,0,-70.55,0.00,-,-,-,-,-,-,-,-,-,-,-,-,-,-,-,-
2025-03-23 16:25:58.573,BlockTimeStatus,6639ba1a258d1a06a958a91d,21,Male,1,-,-,-,-,-,-,-,-,-,-,-,-,-,-,-,-,-,-,-,-,-,-,-,-,-,-,-,-,-,-,-,-,-,-,-,-,-,-,186.50,0,-66.50,0.00,-,-,-,-,-,-,-,-,-,-,-,-,-,-,-,-
2025-03-23 16:25:58.803,InfoMessage,6639ba1a258d1a06a958a91d,21,Male,-,-,-,-,-,-,-,-,-,-,-,-,-,-,-,-,-,-,-,-,-,-,-,-,-,-,-,-,-,-,-,-,Score Manager Destroyed,Final Total Score: 0, Final Practice Score: 0,-,-,-,-,-,-,-,-,-,-,-,-,-,-,-,-,-,-,-,-,-,-,-,-,-
2025-03-23 16:26:01.212,DecisionOutcome,6639ba1a258d1a06a958a91d,21,Male,1,4,1,2,NoDecision,2.500,Timeout,False,0.000,0,-,-,-,-,-,-,-,-,-,-,-,-,-,-,-,-,-,-,-,-,False,-,-,-,-,-,-,-,-,-,-,-,-,-,-,-,-,-,-,-,-,-,-,-,-,-,-,-,-
2025-03-23 16:26:01.213,ScoreUpdate,6639ba1a258d1a06a958a91d,21,Male,1,4,-,-,-,-,-,-,-,-,0,0,-,-,-,-,-,-,-,-,-,-,-,-,-,-,-,-,-,-,False,-,-,-,-,-,-,0,ScoreAdded,-,-,-,-,-,-,-,-,-,-,-,-,-,-,-,-,-,-,-,-
2025-03-23 16:26:01.214,PenaltyStart,6639ba1a258d1a06a958a91d,21,Male,-,4,-,-,-,-,-,-,-,-,-,-,-,-,-,-,-,-,-,-,NoDecision,5,-,-,-,-,-,-,-,-,-,-,-,-,-,-,-,-,-,-,-,-,-,-,-,-,-,-,-,-,-,-,-,-,-,-,-,-,-
2025-03-23 16:26:04.900,BlockTimeStatus,6639ba1a258d1a06a958a91d,21,Male,1,-,-,-,-,-,-,-,-,-,-,-,-,-,-,-,-,-,-,-,-,-,-,-,-,-,-,-,-,-,-,-,-,-,-,-,-,-,-,180.55,0,-60.55,0.00,-,-,-,-,-,-,-,-,-,-,-,-,-,-,-,-
2025-03-23 16:26:06.501,BlockTimeStatus,6639ba1a258d1a06a958a91d,21,Male,1,-,-,-,-,-,-,-,-,-,-,-,-,-,-,-,-,-,-,-,-,-,-,-,-,-,-,-,-,-,-,-,-,-,-,-,-,-,-,178.95,0,-58.95,0.00,-,-,-,-,-,-,-,-,-,-,-,-,-,-,-,-
2025-03-23 16:26:06.699,InfoMessage,6639ba1a258d1a06a958a91d,21,Male,-,-,-,-,-,-,-,-,-,-,-,-,-,-,-,-,-,-,-,-,-,-,-,-,-,-,-,-,-,-,-,-,Score Manager Destroyed,Final Total Score: 0, Final Practice Score: 0,-,-,-,-,-,-,-,-,-,-,-,-,-,-,-,-,-,-,-,-,-,-,-,-,-
2025-03-23 16:26:09.193,DecisionOutcome,6639ba1a258d1a06a958a91d,21,Male,1,5,3,5,NoDecision,2.500,Timeout,False,0.000,0,-,-,-,-,-,-,-,-,-,-,-,-,-,-,-,-,-,-,-,-,False,-,-,-,-,-,-,-,-,-,-,-,-,-,-,-,-,-,-,-,-,-,-,-,-,-,-,-,-
2025-03-23 16:26:09.195,ScoreUpdate,6639ba1a258d1a06a958a91d,21,Male,1,5,-,-,-,-,-,-,-,-,0,0,-,-,-,-,-,-,-,-,-,-,-,-,-,-,-,-,-,-,False,-,-,-,-,-,-,0,ScoreAdded,-,-,-,-,-,-,-,-,-,-,-,-,-,-,-,-,-,-,-,-
2025-03-23 16:26:09.195,PenaltyStart,6639ba1a258d1a06a958a91d,21,Male,-,5,-,-,-,-,-,-,-,-,-,-,-,-,-,-,-,-,-,-,NoDecision,5,-,-,-,-,-,-,-,-,-,-,-,-,-,-,-,-,-,-,-,-,-,-,-,-,-,-,-,-,-,-,-,-,-,-,-,-,-
2025-03-23 16:26:14.471,BlockTimeStatus,6639ba1a258d1a06a958a91d,21,Male,1,-,-,-,-,-,-,-,-,-,-,-,-,-,-,-,-,-,-,-,-,-,-,-,-,-,-,-,-,-,-,-,-,-,-,-,-,-,-,171.35,0,-51.35,0.00,-,-,-,-,-,-,-,-,-,-,-,-,-,-,-,-
2025-03-23 16:26:14.662,InfoMessage,6639ba1a258d1a06a958a91d,21,Male,-,-,-,-,-,-,-,-,-,-,-,-,-,-,-,-,-,-,-,-,-,-,-,-,-,-,-,-,-,-,-,-,Score Manager Destroyed,Final Total Score: 0, Final Practice Score: 0,-,-,-,-,-,-,-,-,-,-,-,-,-,-,-,-,-,-,-,-,-,-,-,-,-
2025-03-23 16:26:15.469,BlockTimeStatus,6639ba1a258d1a06a958a91d,21,Male,1,-,-,-,-,-,-,-,-,-,-,-,-,-,-,-,-,-,-,-,-,-,-,-,-,-,-,-,-,-,-,-,-,-,-,-,-,-,-,170.55,0,-50.55,0.00,-,-,-,-,-,-,-,-,-,-,-,-,-,-,-,-
2025-03-23 16:26:17.154,DecisionOutcome,6639ba1a258d1a06a958a91d,21,Male,1,6,1,2,NoDecision,2.500,Timeout,False,0.000,0,-,-,-,-,-,-,-,-,-,-,-,-,-,-,-,-,-,-,-,-,False,-,-,-,-,-,-,-,-,-,-,-,-,-,-,-,-,-,-,-,-,-,-,-,-,-,-,-,-
2025-03-23 16:26:17.155,ScoreUpdate,6639ba1a258d1a06a958a91d,21,Male,1,6,-,-,-,-,-,-,-,-,0,0,-,-,-,-,-,-,-,-,-,-,-,-,-,-,-,-,-,-,False,-,-,-,-,-,-,0,ScoreAdded,-,-,-,-,-,-,-,-,-,-,-,-,-,-,-,-,-,-,-,-
2025-03-23 16:26:17.156,PenaltyStart,6639ba1a258d1a06a958a91d,21,Male,-,6,-,-,-,-,-,-,-,-,-,-,-,-,-,-,-,-,-,-,NoDecision,5,-,-,-,-,-,-,-,-,-,-,-,-,-,-,-,-,-,-,-,-,-,-,-,-,-,-,-,-,-,-,-,-,-,-,-,-,-
2025-03-23 16:26:22.443,BlockTimeStatus,6639ba1a258d1a06a958a91d,21,Male,1,-,-,-,-,-,-,-,-,-,-,-,-,-,-,-,-,-,-,-,-,-,-,-,-,-,-,-,-,-,-,-,-,-,-,-,-,-,-,163.76,0,-43.76,0.00,-,-,-,-,-,-,-,-,-,-,-,-,-,-,-,-
2025-03-23 16:26:22.647,InfoMessage,6639ba1a258d1a06a958a91d,21,Male,-,-,-,-,-,-,-,-,-,-,-,-,-,-,-,-,-,-,-,-,-,-,-,-,-,-,-,-,-,-,-,-,Score Manager Destroyed,Final Total Score: 0, Final Practice Score: 0,-,-,-,-,-,-,-,-,-,-,-,-,-,-,-,-,-,-,-,-,-,-,-,-,-
2025-03-23 16:26:25.143,DecisionOutcome,6639ba1a258d1a06a958a91d,21,Male,1,7,2,4,NoDecision,2.500,Timeout,False,0.000,0,-,-,-,-,-,-,-,-,-,-,-,-,-,-,-,-,-,-,-,-,False,-,-,-,-,-,-,-,-,-,-,-,-,-,-,-,-,-,-,-,-,-,-,-,-,-,-,-,-
2025-03-23 16:26:25.144,ScoreUpdate,6639ba1a258d1a06a958a91d,21,Male,1,7,-,-,-,-,-,-,-,-,0,0,-,-,-,-,-,-,-,-,-,-,-,-,-,-,-,-,-,-,False,-,-,-,-,-,-,0,ScoreAdded,-,-,-,-,-,-,-,-,-,-,-,-,-,-,-,-,-,-,-,-
2025-03-23 16:26:25.145,PenaltyStart,6639ba1a258d1a06a958a91d,21,Male,-,7,-,-,-,-,-,-,-,-,-,-,-,-,-,-,-,-,-,-,NoDecision,5,-,-,-,-,-,-,-,-,-,-,-,-,-,-,-,-,-,-,-,-,-,-,-,-,-,-,-,-,-,-,-,-,-,-,-,-,-
2025-03-23 16:26:26.056,BlockTimeStatus,6639ba1a258d1a06a958a91d,21,Male,1,-,-,-,-,-,-,-,-,-,-,-,-,-,-,-,-,-,-,-,-,-,-,-,-,-,-,-,-,-,-,-,-,-,-,-,-,-,-,160.55,0,-40.55,0.00,-,-,-,-,-,-,-,-,-,-,-,-,-,-,-,-
2025-03-23 16:26:30.441,BlockTimeStatus,6639ba1a258d1a06a958a91d,21,Male,1,-,-,-,-,-,-,-,-,-,-,-,-,-,-,-,-,-,-,-,-,-,-,-,-,-,-,-,-,-,-,-,-,-,-,-,-,-,-,156.16,0,-36.16,0.00,-,-,-,-,-,-,-,-,-,-,-,-,-,-,-,-
2025-03-23 16:26:30.648,InfoMessage,6639ba1a258d1a06a958a91d,21,Male,-,-,-,-,-,-,-,-,-,-,-,-,-,-,-,-,-,-,-,-,-,-,-,-,-,-,-,-,-,-,-,-,Score Manager Destroyed,Final Total Score: 0, Final Practice Score: 0,-,-,-,-,-,-,-,-,-,-,-,-,-,-,-,-,-,-,-,-,-,-,-,-,-
2025-03-23 16:26:33.194,DecisionOutcome,6639ba1a258d1a06a958a91d,21,Male,1,8,2,4,NoDecision,2.500,Timeout,False,0.000,0,-,-,-,-,-,-,-,-,-,-,-,-,-,-,-,-,-,-,-,-,False,-,-,-,-,-,-,-,-,-,-,-,-,-,-,-,-,-,-,-,-,-,-,-,-,-,-,-,-
2025-03-23 16:26:33.196,ScoreUpdate,6639ba1a258d1a06a958a91d,21,Male,1,8,-,-,-,-,-,-,-,-,0,0,-,-,-,-,-,-,-,-,-,-,-,-,-,-,-,-,-,-,False,-,-,-,-,-,-,0,ScoreAdded,-,-,-,-,-,-,-,-,-,-,-,-,-,-,-,-,-,-,-,-
2025-03-23 16:26:33.198,PenaltyStart,6639ba1a258d1a06a958a91d,21,Male,-,8,-,-,-,-,-,-,-,-,-,-,-,-,-,-,-,-,-,-,NoDecision,5,-,-,-,-,-,-,-,-,-,-,-,-,-,-,-,-,-,-,-,-,-,-,-,-,-,-,-,-,-,-,-,-,-,-,-,-,-
2025-03-23 16:26:36.856,BlockTimeStatus,6639ba1a258d1a06a958a91d,21,Male,1,-,-,-,-,-,-,-,-,-,-,-,-,-,-,-,-,-,-,-,-,-,-,-,-,-,-,-,-,-,-,-,-,-,-,-,-,-,-,150.54,0,-30.54,0.00,-,-,-,-,-,-,-,-,-,-,-,-,-,-,-,-
2025-03-23 16:26:38.840,BlockTimeStatus,6639ba1a258d1a06a958a91d,21,Male,1,-,-,-,-,-,-,-,-,-,-,-,-,-,-,-,-,-,-,-,-,-,-,-,-,-,-,-,-,-,-,-,-,-,-,-,-,-,-,148.56,0,-28.56,0.00,-,-,-,-,-,-,-,-,-,-,-,-,-,-,-,-
2025-03-23 16:26:39.850,InfoMessage,6639ba1a258d1a06a958a91d,21,Male,-,-,-,-,-,-,-,-,-,-,-,-,-,-,-,-,-,-,-,-,-,-,-,-,-,-,-,-,-,-,-,-,Score Manager Destroyed,Final Total Score: 0, Final Practice Score: 0,-,-,-,-,-,-,-,-,-,-,-,-,-,-,-,-,-,-,-,-,-,-,-,-,-
2025-03-23 16:26:42.379,DecisionOutcome,6639ba1a258d1a06a958a91d,21,Male,1,9,1,2,NoDecision,2.500,Timeout,False,0.000,0,-,-,-,-,-,-,-,-,-,-,-,-,-,-,-,-,-,-,-,-,False,-,-,-,-,-,-,-,-,-,-,-,-,-,-,-,-,-,-,-,-,-,-,-,-,-,-,-,-
2025-03-23 16:26:42.380,ScoreUpdate,6639ba1a258d1a06a958a91d,21,Male,1,9,-,-,-,-,-,-,-,-,0,0,-,-,-,-,-,-,-,-,-,-,-,-,-,-,-,-,-,-,False,-,-,-,-,-,-,0,ScoreAdded,-,-,-,-,-,-,-,-,-,-,-,-,-,-,-,-,-,-,-,-
2025-03-23 16:26:42.381,PenaltyStart,6639ba1a258d1a06a958a91d,21,Male,-,9,-,-,-,-,-,-,-,-,-,-,-,-,-,-,-,-,-,-,NoDecision,5,-,-,-,-,-,-,-,-,-,-,-,-,-,-,-,-,-,-,-,-,-,-,-,-,-,-,-,-,-,-,-,-,-,-,-,-,-
2025-03-23 16:26:47.934,BlockTimeStatus,6639ba1a258d1a06a958a91d,21,Male,1,-,-,-,-,-,-,-,-,-,-,-,-,-,-,-,-,-,-,-,-,-,-,-,-,-,-,-,-,-,-,-,-,-,-,-,-,-,-,140.97,0,-20.97,0.00,-,-,-,-,-,-,-,-,-,-,-,-,-,-,-,-
2025-03-23 16:26:48.243,InfoMessage,6639ba1a258d1a06a958a91d,21,Male,-,-,-,-,-,-,-,-,-,-,-,-,-,-,-,-,-,-,-,-,-,-,-,-,-,-,-,-,-,-,-,-,Score Manager Destroyed,Final Total Score: 0, Final Practice Score: 0,-,-,-,-,-,-,-,-,-,-,-,-,-,-,-,-,-,-,-,-,-,-,-,-,-
2025-03-23 16:26:48.685,BlockTimeStatus,6639ba1a258d1a06a958a91d,21,Male,1,-,-,-,-,-,-,-,-,-,-,-,-,-,-,-,-,-,-,-,-,-,-,-,-,-,-,-,-,-,-,-,-,-,-,-,-,-,-,140.55,0,-20.55,0.00,-,-,-,-,-,-,-,-,-,-,-,-,-,-,-,-
2025-03-23 16:26:50.759,DecisionOutcome,6639ba1a258d1a06a958a91d,21,Male,1,10,3,5,NoDecision,2.500,Timeout,False,0.000,0,-,-,-,-,-,-,-,-,-,-,-,-,-,-,-,-,-,-,-,-,False,-,-,-,-,-,-,-,-,-,-,-,-,-,-,-,-,-,-,-,-,-,-,-,-,-,-,-,-
2025-03-23 16:26:50.762,ScoreUpdate,6639ba1a258d1a06a958a91d,21,Male,1,10,-,-,-,-,-,-,-,-,0,0,-,-,-,-,-,-,-,-,-,-,-,-,-,-,-,-,-,-,False,-,-,-,-,-,-,0,ScoreAdded,-,-,-,-,-,-,-,-,-,-,-,-,-,-,-,-,-,-,-,-
2025-03-23 16:26:50.764,PenaltyStart,6639ba1a258d1a06a958a91d,21,Male,-,10,-,-,-,-,-,-,-,-,-,-,-,-,-,-,-,-,-,-,NoDecision,5,-,-,-,-,-,-,-,-,-,-,-,-,-,-,-,-,-,-,-,-,-,-,-,-,-,-,-,-,-,-,-,-,-,-,-,-,-
2025-03-23 16:26:56.381,BlockTimeStatus,6639ba1a258d1a06a958a91d,21,Male,1,-,-,-,-,-,-,-,-,-,-,-,-,-,-,-,-,-,-,-,-,-,-,-,-,-,-,-,-,-,-,-,-,-,-,-,-,-,-,133.37,0,-13.37,0.00,-,-,-,-,-,-,-,-,-,-,-,-,-,-,-,-
2025-03-23 16:26:56.611,InfoMessage,6639ba1a258d1a06a958a91d,21,Male,-,-,-,-,-,-,-,-,-,-,-,-,-,-,-,-,-,-,-,-,-,-,-,-,-,-,-,-,-,-,-,-,Score Manager Destroyed,Final Total Score: 0, Final Practice Score: 0,-,-,-,-,-,-,-,-,-,-,-,-,-,-,-,-,-,-,-,-,-,-,-,-,-
2025-03-23 16:26:59.113,DecisionOutcome,6639ba1a258d1a06a958a91d,21,Male,1,11,3,5,NoDecision,2.500,Timeout,False,0.000,0,-,-,-,-,-,-,-,-,-,-,-,-,-,-,-,-,-,-,-,-,False,-,-,-,-,-,-,-,-,-,-,-,-,-,-,-,-,-,-,-,-,-,-,-,-,-,-,-,-
2025-03-23 16:26:59.116,ScoreUpdate,6639ba1a258d1a06a958a91d,21,Male,1,11,-,-,-,-,-,-,-,-,0,0,-,-,-,-,-,-,-,-,-,-,-,-,-,-,-,-,-,-,False,-,-,-,-,-,-,0,ScoreAdded,-,-,-,-,-,-,-,-,-,-,-,-,-,-,-,-,-,-,-,-
2025-03-23 16:26:59.118,PenaltyStart,6639ba1a258d1a06a958a91d,21,Male,-,11,-,-,-,-,-,-,-,-,-,-,-,-,-,-,-,-,-,-,NoDecision,5,-,-,-,-,-,-,-,-,-,-,-,-,-,-,-,-,-,-,-,-,-,-,-,-,-,-,-,-,-,-,-,-,-,-,-,-,-
2025-03-23 16:26:59.665,BlockTimeStatus,6639ba1a258d1a06a958a91d,21,Male,1,-,-,-,-,-,-,-,-,-,-,-,-,-,-,-,-,-,-,-,-,-,-,-,-,-,-,-,-,-,-,-,-,-,-,-,-,-,-,130.55,0,-10.55,0.00,-,-,-,-,-,-,-,-,-,-,-,-,-,-,-,-
2025-03-23 16:27:04.432,BlockTimeStatus,6639ba1a258d1a06a958a91d,21,Male,1,-,-,-,-,-,-,-,-,-,-,-,-,-,-,-,-,-,-,-,-,-,-,-,-,-,-,-,-,-,-,-,-,-,-,-,-,-,-,125.78,0,-5.78,0.00,-,-,-,-,-,-,-,-,-,-,-,-,-,-,-,-
2025-03-23 16:27:04.692,InfoMessage,6639ba1a258d1a06a958a91d,21,Male,-,-,-,-,-,-,-,-,-,-,-,-,-,-,-,-,-,-,-,-,-,-,-,-,-,-,-,-,-,-,-,-,Score Manager Destroyed,Final Total Score: 0, Final Practice Score: 0,-,-,-,-,-,-,-,-,-,-,-,-,-,-,-,-,-,-,-,-,-,-,-,-,-
2025-03-23 16:27:07.149,DecisionOutcome,6639ba1a258d1a06a958a91d,21,Male,1,12,3,5,NoDecision,2.500,Timeout,False,0.000,0,-,-,-,-,-,-,-,-,-,-,-,-,-,-,-,-,-,-,-,-,False,-,-,-,-,-,-,-,-,-,-,-,-,-,-,-,-,-,-,-,-,-,-,-,-,-,-,-,-
2025-03-23 16:27:07.150,ScoreUpdate,6639ba1a258d1a06a958a91d,21,Male,1,12,-,-,-,-,-,-,-,-,0,0,-,-,-,-,-,-,-,-,-,-,-,-,-,-,-,-,-,-,False,-,-,-,-,-,-,0,ScoreAdded,-,-,-,-,-,-,-,-,-,-,-,-,-,-,-,-,-,-,-,-
2025-03-23 16:27:07.151,PenaltyStart,6639ba1a258d1a06a958a91d,21,Male,-,12,-,-,-,-,-,-,-,-,-,-,-,-,-,-,-,-,-,-,NoDecision,5,-,-,-,-,-,-,-,-,-,-,-,-,-,-,-,-,-,-,-,-,-,-,-,-,-,-,-,-,-,-,-,-,-,-,-,-,-
2025-03-23 16:27:10.153,BlockTimeStatus,6639ba1a258d1a06a958a91d,21,Male,1,-,-,-,-,-,-,-,-,-,-,-,-,-,-,-,-,-,-,-,-,-,-,-,-,-,-,-,-,-,-,-,-,-,-,-,-,-,-,120.55,0,-0.55,0.00,-,-,-,-,-,-,-,-,-,-,-,-,-,-,-,-
2025-03-23 16:27:12.489,BlockTimeStatus,6639ba1a258d1a06a958a91d,21,Male,1,-,-,-,-,-,-,-,-,-,-,-,-,-,-,-,-,-,-,-,-,-,-,-,-,-,-,-,-,-,-,-,-,-,-,-,-,-,-,118.21,0,1.79,0.00,-,-,-,-,-,-,-,-,-,-,-,-,-,-,-,-
2025-03-23 16:27:12.682,InfoMessage,6639ba1a258d1a06a958a91d,21,Male,-,-,-,-,-,-,-,-,-,-,-,-,-,-,-,-,-,-,-,-,-,-,-,-,-,-,-,-,-,-,-,-,Score Manager Destroyed,Final Total Score: 0, Final Practice Score: 0,-,-,-,-,-,-,-,-,-,-,-,-,-,-,-,-,-,-,-,-,-,-,-,-,-
2025-03-23 16:27:15.181,DecisionOutcome,6639ba1a258d1a06a958a91d,21,Male,1,1,1,2,NoDecision,2.500,Timeout,False,0.000,0,-,-,-,-,-,-,-,-,-,-,-,-,-,-,-,-,-,-,-,-,False,-,-,-,-,-,-,-,-,-,-,-,-,-,-,-,-,-,-,-,-,-,-,-,-,-,-,-,-
2025-03-23 16:27:15.182,ScoreUpdate,6639ba1a258d1a06a958a91d,21,Male,1,1,-,-,-,-,-,-,-,-,0,0,-,-,-,-,-,-,-,-,-,-,-,-,-,-,-,-,-,-,False,-,-,-,-,-,-,0,ScoreAdded,-,-,-,-,-,-,-,-,-,-,-,-,-,-,-,-,-,-,-,-
2025-03-23 16:27:15.183,PenaltyStart,6639ba1a258d1a06a958a91d,21,Male,-,1,-,-,-,-,-,-,-,-,-,-,-,-,-,-,-,-,-,-,NoDecision,5,-,-,-,-,-,-,-,-,-,-,-,-,-,-,-,-,-,-,-,-,-,-,-,-,-,-,-,-,-,-,-,-,-,-,-,-,-
2025-03-23 16:27:20.495,BlockTimeStatus,6639ba1a258d1a06a958a91d,21,Male,1,-,-,-,-,-,-,-,-,-,-,-,-,-,-,-,-,-,-,-,-,-,-,-,-,-,-,-,-,-,-,-,-,-,-,-,-,-,-,110.61,0,9.39,0.00,-,-,-,-,-,-,-,-,-,-,-,-,-,-,-,-
2025-03-23 16:27:20.730,InfoMessage,6639ba1a258d1a06a958a91d,21,Male,-,-,-,-,-,-,-,-,-,-,-,-,-,-,-,-,-,-,-,-,-,-,-,-,-,-,-,-,-,-,-,-,Score Manager Destroyed,Final Total Score: 0, Final Practice Score: 0,-,-,-,-,-,-,-,-,-,-,-,-,-,-,-,-,-,-,-,-,-,-,-,-,-
2025-03-23 16:27:20.774,BlockTimeStatus,6639ba1a258d1a06a958a91d,21,Male,1,-,-,-,-,-,-,-,-,-,-,-,-,-,-,-,-,-,-,-,-,-,-,-,-,-,-,-,-,-,-,-,-,-,-,-,-,-,-,110.54,0,9.46,0.00,-,-,-,-,-,-,-,-,-,-,-,-,-,-,-,-
2025-03-23 16:27:23.165,DecisionOutcome,6639ba1a258d1a06a958a91d,21,Male,1,2,2,4,NoDecision,2.500,Timeout,False,0.000,0,-,-,-,-,-,-,-,-,-,-,-,-,-,-,-,-,-,-,-,-,False,-,-,-,-,-,-,-,-,-,-,-,-,-,-,-,-,-,-,-,-,-,-,-,-,-,-,-,-
2025-03-23 16:27:23.166,ScoreUpdate,6639ba1a258d1a06a958a91d,21,Male,1,2,-,-,-,-,-,-,-,-,0,0,-,-,-,-,-,-,-,-,-,-,-,-,-,-,-,-,-,-,False,-,-,-,-,-,-,0,ScoreAdded,-,-,-,-,-,-,-,-,-,-,-,-,-,-,-,-,-,-,-,-
2025-03-23 16:27:23.167,PenaltyStart,6639ba1a258d1a06a958a91d,21,Male,-,2,-,-,-,-,-,-,-,-,-,-,-,-,-,-,-,-,-,-,NoDecision,5,-,-,-,-,-,-,-,-,-,-,-,-,-,-,-,-,-,-,-,-,-,-,-,-,-,-,-,-,-,-,-,-,-,-,-,-,-
2025-03-23 16:27:28.511,BlockTimeStatus,6639ba1a258d1a06a958a91d,21,Male,1,-,-,-,-,-,-,-,-,-,-,-,-,-,-,-,-,-,-,-,-,-,-,-,-,-,-,-,-,-,-,-,-,-,-,-,-,-,-,103.05,0,16.95,0.00,-,-,-,-,-,-,-,-,-,-,-,-,-,-,-,-
2025-03-23 16:27:28.750,InfoMessage,6639ba1a258d1a06a958a91d,21,Male,-,-,-,-,-,-,-,-,-,-,-,-,-,-,-,-,-,-,-,-,-,-,-,-,-,-,-,-,-,-,-,-,Score Manager Destroyed,Final Total Score: 0, Final Practice Score: 0,-,-,-,-,-,-,-,-,-,-,-,-,-,-,-,-,-,-,-,-,-,-,-,-,-
2025-03-23 16:27:31.155,DecisionOutcome,6639ba1a258d1a06a958a91d,21,Male,1,3,2,4,NoDecision,2.500,Timeout,False,0.000,0,-,-,-,-,-,-,-,-,-,-,-,-,-,-,-,-,-,-,-,-,False,-,-,-,-,-,-,-,-,-,-,-,-,-,-,-,-,-,-,-,-,-,-,-,-,-,-,-,-
2025-03-23 16:27:31.156,ScoreUpdate,6639ba1a258d1a06a958a91d,21,Male,1,3,-,-,-,-,-,-,-,-,0,0,-,-,-,-,-,-,-,-,-,-,-,-,-,-,-,-,-,-,False,-,-,-,-,-,-,0,ScoreAdded,-,-,-,-,-,-,-,-,-,-,-,-,-,-,-,-,-,-,-,-
2025-03-23 16:27:31.157,PenaltyStart,6639ba1a258d1a06a958a91d,21,Male,-,3,-,-,-,-,-,-,-,-,-,-,-,-,-,-,-,-,-,-,NoDecision,5,-,-,-,-,-,-,-,-,-,-,-,-,-,-,-,-,-,-,-,-,-,-,-,-,-,-,-,-,-,-,-,-,-,-,-,-,-
2025-03-23 16:27:31.466,BlockTimeStatus,6639ba1a258d1a06a958a91d,21,Male,1,-,-,-,-,-,-,-,-,-,-,-,-,-,-,-,-,-,-,-,-,-,-,-,-,-,-,-,-,-,-,-,-,-,-,-,-,-,-,100.55,0,19.45,0.00,-,-,-,-,-,-,-,-,-,-,-,-,-,-,-,-
2025-03-23 16:27:36.517,BlockTimeStatus,6639ba1a258d1a06a958a91d,21,Male,1,-,-,-,-,-,-,-,-,-,-,-,-,-,-,-,-,-,-,-,-,-,-,-,-,-,-,-,-,-,-,-,-,-,-,-,-,-,-,95.50,0,24.50,0.00,-,-,-,-,-,-,-,-,-,-,-,-,-,-,-,-
2025-03-23 16:27:36.766,InfoMessage,6639ba1a258d1a06a958a91d,21,Male,-,-,-,-,-,-,-,-,-,-,-,-,-,-,-,-,-,-,-,-,-,-,-,-,-,-,-,-,-,-,-,-,Score Manager Destroyed,Final Total Score: 0, Final Practice Score: 0,-,-,-,-,-,-,-,-,-,-,-,-,-,-,-,-,-,-,-,-,-,-,-,-,-
2025-03-23 16:27:39.170,DecisionOutcome,6639ba1a258d1a06a958a91d,21,Male,1,4,1,2,NoDecision,2.500,Timeout,False,0.000,0,-,-,-,-,-,-,-,-,-,-,-,-,-,-,-,-,-,-,-,-,False,-,-,-,-,-,-,-,-,-,-,-,-,-,-,-,-,-,-,-,-,-,-,-,-,-,-,-,-
2025-03-23 16:27:39.172,ScoreUpdate,6639ba1a258d1a06a958a91d,21,Male,1,4,-,-,-,-,-,-,-,-,0,0,-,-,-,-,-,-,-,-,-,-,-,-,-,-,-,-,-,-,False,-,-,-,-,-,-,0,ScoreAdded,-,-,-,-,-,-,-,-,-,-,-,-,-,-,-,-,-,-,-,-
2025-03-23 16:27:39.174,PenaltyStart,6639ba1a258d1a06a958a91d,21,Male,-,4,-,-,-,-,-,-,-,-,-,-,-,-,-,-,-,-,-,-,NoDecision,5,-,-,-,-,-,-,-,-,-,-,-,-,-,-,-,-,-,-,-,-,-,-,-,-,-,-,-,-,-,-,-,-,-,-,-,-,-
2025-03-23 16:27:41.877,BlockTimeStatus,6639ba1a258d1a06a958a91d,21,Male,1,-,-,-,-,-,-,-,-,-,-,-,-,-,-,-,-,-,-,-,-,-,-,-,-,-,-,-,-,-,-,-,-,-,-,-,-,-,-,90.55,0,29.45,0.00,-,-,-,-,-,-,-,-,-,-,-,-,-,-,-,-
2025-03-23 16:27:44.481,BlockTimeStatus,6639ba1a258d1a06a958a91d,21,Male,1,-,-,-,-,-,-,-,-,-,-,-,-,-,-,-,-,-,-,-,-,-,-,-,-,-,-,-,-,-,-,-,-,-,-,-,-,-,-,87.95,0,32.05,0.00,-,-,-,-,-,-,-,-,-,-,-,-,-,-,-,-
2025-03-23 16:27:44.735,InfoMessage,6639ba1a258d1a06a958a91d,21,Male,-,-,-,-,-,-,-,-,-,-,-,-,-,-,-,-,-,-,-,-,-,-,-,-,-,-,-,-,-,-,-,-,Score Manager Destroyed,Final Total Score: 0, Final Practice Score: 0,-,-,-,-,-,-,-,-,-,-,-,-,-,-,-,-,-,-,-,-,-,-,-,-,-
2025-03-23 16:27:47.228,DecisionOutcome,6639ba1a258d1a06a958a91d,21,Male,1,5,3,5,NoDecision,2.500,Timeout,False,0.000,0,-,-,-,-,-,-,-,-,-,-,-,-,-,-,-,-,-,-,-,-,False,-,-,-,-,-,-,-,-,-,-,-,-,-,-,-,-,-,-,-,-,-,-,-,-,-,-,-,-
2025-03-23 16:27:47.229,ScoreUpdate,6639ba1a258d1a06a958a91d,21,Male,1,5,-,-,-,-,-,-,-,-,0,0,-,-,-,-,-,-,-,-,-,-,-,-,-,-,-,-,-,-,False,-,-,-,-,-,-,0,ScoreAdded,-,-,-,-,-,-,-,-,-,-,-,-,-,-,-,-,-,-,-,-
2025-03-23 16:27:47.229,PenaltyStart,6639ba1a258d1a06a958a91d,21,Male,-,5,-,-,-,-,-,-,-,-,-,-,-,-,-,-,-,-,-,-,NoDecision,5,-,-,-,-,-,-,-,-,-,-,-,-,-,-,-,-,-,-,-,-,-,-,-,-,-,-,-,-,-,-,-,-,-,-,-,-,-
2025-03-23 16:27:52.355,BlockTimeStatus,6639ba1a258d1a06a958a91d,21,Male,1,-,-,-,-,-,-,-,-,-,-,-,-,-,-,-,-,-,-,-,-,-,-,-,-,-,-,-,-,-,-,-,-,-,-,-,-,-,-,80.55,0,39.45,0.00,-,-,-,-,-,-,-,-,-,-,-,-,-,-,-,-
2025-03-23 16:27:52.544,BlockTimeStatus,6639ba1a258d1a06a958a91d,21,Male,1,-,-,-,-,-,-,-,-,-,-,-,-,-,-,-,-,-,-,-,-,-,-,-,-,-,-,-,-,-,-,-,-,-,-,-,-,-,-,80.36,0,39.64,0.00,-,-,-,-,-,-,-,-,-,-,-,-,-,-,-,-
2025-03-23 16:27:52.740,InfoMessage,6639ba1a258d1a06a958a91d,21,Male,-,-,-,-,-,-,-,-,-,-,-,-,-,-,-,-,-,-,-,-,-,-,-,-,-,-,-,-,-,-,-,-,Score Manager Destroyed,Final Total Score: 0, Final Practice Score: 0,-,-,-,-,-,-,-,-,-,-,-,-,-,-,-,-,-,-,-,-,-,-,-,-,-
2025-03-23 16:27:55.239,DecisionOutcome,6639ba1a258d1a06a958a91d,21,Male,1,6,1,2,NoDecision,2.500,Timeout,False,0.000,0,-,-,-,-,-,-,-,-,-,-,-,-,-,-,-,-,-,-,-,-,False,-,-,-,-,-,-,-,-,-,-,-,-,-,-,-,-,-,-,-,-,-,-,-,-,-,-,-,-
2025-03-23 16:27:55.240,ScoreUpdate,6639ba1a258d1a06a958a91d,21,Male,1,6,-,-,-,-,-,-,-,-,0,0,-,-,-,-,-,-,-,-,-,-,-,-,-,-,-,-,-,-,False,-,-,-,-,-,-,0,ScoreAdded,-,-,-,-,-,-,-,-,-,-,-,-,-,-,-,-,-,-,-,-
2025-03-23 16:27:55.241,PenaltyStart,6639ba1a258d1a06a958a91d,21,Male,-,6,-,-,-,-,-,-,-,-,-,-,-,-,-,-,-,-,-,-,NoDecision,5,-,-,-,-,-,-,-,-,-,-,-,-,-,-,-,-,-,-,-,-,-,-,-,-,-,-,-,-,-,-,-,-,-,-,-,-,-
2025-03-23 16:28:00.532,BlockTimeStatus,6639ba1a258d1a06a958a91d,21,Male,1,-,-,-,-,-,-,-,-,-,-,-,-,-,-,-,-,-,-,-,-,-,-,-,-,-,-,-,-,-,-,-,-,-,-,-,-,-,-,72.77,0,47.23,0.00,-,-,-,-,-,-,-,-,-,-,-,-,-,-,-,-
2025-03-23 16:28:00.741,InfoMessage,6639ba1a258d1a06a958a91d,21,Male,-,-,-,-,-,-,-,-,-,-,-,-,-,-,-,-,-,-,-,-,-,-,-,-,-,-,-,-,-,-,-,-,Score Manager Destroyed,Final Total Score: 0, Final Practice Score: 0,-,-,-,-,-,-,-,-,-,-,-,-,-,-,-,-,-,-,-,-,-,-,-,-,-
2025-03-23 16:28:02.976,BlockTimeStatus,6639ba1a258d1a06a958a91d,21,Male,1,-,-,-,-,-,-,-,-,-,-,-,-,-,-,-,-,-,-,-,-,-,-,-,-,-,-,-,-,-,-,-,-,-,-,-,-,-,-,70.55,0,49.45,0.00,-,-,-,-,-,-,-,-,-,-,-,-,-,-,-,-
2025-03-23 16:28:03.252,DecisionOutcome,6639ba1a258d1a06a958a91d,21,Male,1,7,2,4,NoDecision,2.500,Timeout,False,0.000,0,-,-,-,-,-,-,-,-,-,-,-,-,-,-,-,-,-,-,-,-,False,-,-,-,-,-,-,-,-,-,-,-,-,-,-,-,-,-,-,-,-,-,-,-,-,-,-,-,-
2025-03-23 16:28:03.253,ScoreUpdate,6639ba1a258d1a06a958a91d,21,Male,1,7,-,-,-,-,-,-,-,-,0,0,-,-,-,-,-,-,-,-,-,-,-,-,-,-,-,-,-,-,False,-,-,-,-,-,-,0,ScoreAdded,-,-,-,-,-,-,-,-,-,-,-,-,-,-,-,-,-,-,-,-
2025-03-23 16:28:03.255,PenaltyStart,6639ba1a258d1a06a958a91d,21,Male,-,7,-,-,-,-,-,-,-,-,-,-,-,-,-,-,-,-,-,-,NoDecision,5,-,-,-,-,-,-,-,-,-,-,-,-,-,-,-,-,-,-,-,-,-,-,-,-,-,-,-,-,-,-,-,-,-,-,-,-,-
2025-03-23 16:28:08.543,BlockTimeStatus,6639ba1a258d1a06a958a91d,21,Male,1,-,-,-,-,-,-,-,-,-,-,-,-,-,-,-,-,-,-,-,-,-,-,-,-,-,-,-,-,-,-,-,-,-,-,-,-,-,-,65.17,0,54.83,0.00,-,-,-,-,-,-,-,-,-,-,-,-,-,-,-,-
2025-03-23 16:28:08.744,InfoMessage,6639ba1a258d1a06a958a91d,21,Male,-,-,-,-,-,-,-,-,-,-,-,-,-,-,-,-,-,-,-,-,-,-,-,-,-,-,-,-,-,-,-,-,Score Manager Destroyed,Final Total Score: 0, Final Practice Score: 0,-,-,-,-,-,-,-,-,-,-,-,-,-,-,-,-,-,-,-,-,-,-,-,-,-
2025-03-23 16:28:11.240,DecisionOutcome,6639ba1a258d1a06a958a91d,21,Male,1,8,2,4,NoDecision,2.500,Timeout,False,0.000,0,-,-,-,-,-,-,-,-,-,-,-,-,-,-,-,-,-,-,-,-,False,-,-,-,-,-,-,-,-,-,-,-,-,-,-,-,-,-,-,-,-,-,-,-,-,-,-,-,-
2025-03-23 16:28:11.241,ScoreUpdate,6639ba1a258d1a06a958a91d,21,Male,1,8,-,-,-,-,-,-,-,-,0,0,-,-,-,-,-,-,-,-,-,-,-,-,-,-,-,-,-,-,False,-,-,-,-,-,-,0,ScoreAdded,-,-,-,-,-,-,-,-,-,-,-,-,-,-,-,-,-,-,-,-
2025-03-23 16:28:11.242,PenaltyStart,6639ba1a258d1a06a958a91d,21,Male,-,8,-,-,-,-,-,-,-,-,-,-,-,-,-,-,-,-,-,-,NoDecision,5,-,-,-,-,-,-,-,-,-,-,-,-,-,-,-,-,-,-,-,-,-,-,-,-,-,-,-,-,-,-,-,-,-,-,-,-,-
2025-03-23 16:28:13.556,BlockTimeStatus,6639ba1a258d1a06a958a91d,21,Male,1,-,-,-,-,-,-,-,-,-,-,-,-,-,-,-,-,-,-,-,-,-,-,-,-,-,-,-,-,-,-,-,-,-,-,-,-,-,-,60.54,0,59.46,0.00,-,-,-,-,-,-,-,-,-,-,-,-,-,-,-,-
2025-03-23 16:28:16.525,BlockTimeStatus,6639ba1a258d1a06a958a91d,21,Male,1,-,-,-,-,-,-,-,-,-,-,-,-,-,-,-,-,-,-,-,-,-,-,-,-,-,-,-,-,-,-,-,-,-,-,-,-,-,-,57.58,0,62.42,0.00,-,-,-,-,-,-,-,-,-,-,-,-,-,-,-,-
2025-03-23 16:28:16.743,InfoMessage,6639ba1a258d1a06a958a91d,21,Male,-,-,-,-,-,-,-,-,-,-,-,-,-,-,-,-,-,-,-,-,-,-,-,-,-,-,-,-,-,-,-,-,Score Manager Destroyed,Final Total Score: 0, Final Practice Score: 0,-,-,-,-,-,-,-,-,-,-,-,-,-,-,-,-,-,-,-,-,-,-,-,-,-
2025-03-23 16:28:19.231,DecisionOutcome,6639ba1a258d1a06a958a91d,21,Male,1,9,1,2,NoDecision,2.500,Timeout,False,0.000,0,-,-,-,-,-,-,-,-,-,-,-,-,-,-,-,-,-,-,-,-,False,-,-,-,-,-,-,-,-,-,-,-,-,-,-,-,-,-,-,-,-,-,-,-,-,-,-,-,-
2025-03-23 16:28:19.232,ScoreUpdate,6639ba1a258d1a06a958a91d,21,Male,1,9,-,-,-,-,-,-,-,-,0,0,-,-,-,-,-,-,-,-,-,-,-,-,-,-,-,-,-,-,False,-,-,-,-,-,-,0,ScoreAdded,-,-,-,-,-,-,-,-,-,-,-,-,-,-,-,-,-,-,-,-
2025-03-23 16:28:19.233,PenaltyStart,6639ba1a258d1a06a958a91d,21,Male,-,9,-,-,-,-,-,-,-,-,-,-,-,-,-,-,-,-,-,-,NoDecision,5,-,-,-,-,-,-,-,-,-,-,-,-,-,-,-,-,-,-,-,-,-,-,-,-,-,-,-,-,-,-,-,-,-,-,-,-,-
2025-03-23 16:28:24.914,BlockTimeStatus,6639ba1a258d1a06a958a91d,21,Male,1,-,-,-,-,-,-,-,-,-,-,-,-,-,-,-,-,-,-,-,-,-,-,-,-,-,-,-,-,-,-,-,-,-,-,-,-,-,-,50.50,0,69.50,0.00,-,-,-,-,-,-,-,-,-,-,-,-,-,-,-,-
2025-03-23 16:28:25.430,BlockTimeStatus,6639ba1a258d1a06a958a91d,21,Male,1,-,-,-,-,-,-,-,-,-,-,-,-,-,-,-,-,-,-,-,-,-,-,-,-,-,-,-,-,-,-,-,-,-,-,-,-,-,-,49.99,0,70.01,0.00,-,-,-,-,-,-,-,-,-,-,-,-,-,-,-,-
2025-03-23 16:28:25.902,InfoMessage,6639ba1a258d1a06a958a91d,21,Male,-,-,-,-,-,-,-,-,-,-,-,-,-,-,-,-,-,-,-,-,-,-,-,-,-,-,-,-,-,-,-,-,Score Manager Destroyed,Final Total Score: 0, Final Practice Score: 0,-,-,-,-,-,-,-,-,-,-,-,-,-,-,-,-,-,-,-,-,-,-,-,-,-
2025-03-23 16:28:28.356,DecisionOutcome,6639ba1a258d1a06a958a91d,21,Male,1,10,3,5,NoDecision,2.500,Timeout,False,0.000,0,-,-,-,-,-,-,-,-,-,-,-,-,-,-,-,-,-,-,-,-,False,-,-,-,-,-,-,-,-,-,-,-,-,-,-,-,-,-,-,-,-,-,-,-,-,-,-,-,-
2025-03-23 16:28:28.357,ScoreUpdate,6639ba1a258d1a06a958a91d,21,Male,1,10,-,-,-,-,-,-,-,-,0,0,-,-,-,-,-,-,-,-,-,-,-,-,-,-,-,-,-,-,False,-,-,-,-,-,-,0,ScoreAdded,-,-,-,-,-,-,-,-,-,-,-,-,-,-,-,-,-,-,-,-
2025-03-23 16:28:28.358,PenaltyStart,6639ba1a258d1a06a958a91d,21,Male,-,10,-,-,-,-,-,-,-,-,-,-,-,-,-,-,-,-,-,-,NoDecision,5,-,-,-,-,-,-,-,-,-,-,-,-,-,-,-,-,-,-,-,-,-,-,-,-,-,-,-,-,-,-,-,-,-,-,-,-,-
2025-03-23 16:28:33.682,BlockTimeStatus,6639ba1a258d1a06a958a91d,21,Male,1,-,-,-,-,-,-,-,-,-,-,-,-,-,-,-,-,-,-,-,-,-,-,-,-,-,-,-,-,-,-,-,-,-,-,-,-,-,-,42.41,0,77.59,0.00,-,-,-,-,-,-,-,-,-,-,-,-,-,-,-,-
2025-03-23 16:28:33.942,InfoMessage,6639ba1a258d1a06a958a91d,21,Male,-,-,-,-,-,-,-,-,-,-,-,-,-,-,-,-,-,-,-,-,-,-,-,-,-,-,-,-,-,-,-,-,Score Manager Destroyed,Final Total Score: 0, Final Practice Score: 0,-,-,-,-,-,-,-,-,-,-,-,-,-,-,-,-,-,-,-,-,-,-,-,-,-
2025-03-23 16:28:35.777,BlockTimeStatus,6639ba1a258d1a06a958a91d,21,Male,1,-,-,-,-,-,-,-,-,-,-,-,-,-,-,-,-,-,-,-,-,-,-,-,-,-,-,-,-,-,-,-,-,-,-,-,-,-,-,40.55,0,79.45,0.00,-,-,-,-,-,-,-,-,-,-,-,-,-,-,-,-
2025-03-23 16:28:36.364,DecisionOutcome,6639ba1a258d1a06a958a91d,21,Male,1,11,3,5,NoDecision,2.500,Timeout,False,0.000,0,-,-,-,-,-,-,-,-,-,-,-,-,-,-,-,-,-,-,-,-,False,-,-,-,-,-,-,-,-,-,-,-,-,-,-,-,-,-,-,-,-,-,-,-,-,-,-,-,-
2025-03-23 16:28:36.366,ScoreUpdate,6639ba1a258d1a06a958a91d,21,Male,1,11,-,-,-,-,-,-,-,-,0,0,-,-,-,-,-,-,-,-,-,-,-,-,-,-,-,-,-,-,False,-,-,-,-,-,-,0,ScoreAdded,-,-,-,-,-,-,-,-,-,-,-,-,-,-,-,-,-,-,-,-
2025-03-23 16:28:36.366,PenaltyStart,6639ba1a258d1a06a958a91d,21,Male,-,11,-,-,-,-,-,-,-,-,-,-,-,-,-,-,-,-,-,-,NoDecision,5,-,-,-,-,-,-,-,-,-,-,-,-,-,-,-,-,-,-,-,-,-,-,-,-,-,-,-,-,-,-,-,-,-,-,-,-,-
2025-03-23 16:28:41.669,BlockTimeStatus,6639ba1a258d1a06a958a91d,21,Male,1,-,-,-,-,-,-,-,-,-,-,-,-,-,-,-,-,-,-,-,-,-,-,-,-,-,-,-,-,-,-,-,-,-,-,-,-,-,-,34.86,0,85.14,0.00,-,-,-,-,-,-,-,-,-,-,-,-,-,-,-,-
2025-03-23 16:28:41.864,InfoMessage,6639ba1a258d1a06a958a91d,21,Male,-,-,-,-,-,-,-,-,-,-,-,-,-,-,-,-,-,-,-,-,-,-,-,-,-,-,-,-,-,-,-,-,Score Manager Destroyed,Final Total Score: 0, Final Practice Score: 0,-,-,-,-,-,-,-,-,-,-,-,-,-,-,-,-,-,-,-,-,-,-,-,-,-
2025-03-23 16:28:44.363,DecisionOutcome,6639ba1a258d1a06a958a91d,21,Male,1,12,3,5,NoDecision,2.500,Timeout,False,0.000,0,-,-,-,-,-,-,-,-,-,-,-,-,-,-,-,-,-,-,-,-,False,-,-,-,-,-,-,-,-,-,-,-,-,-,-,-,-,-,-,-,-,-,-,-,-,-,-,-,-
2025-03-23 16:28:44.364,ScoreUpdate,6639ba1a258d1a06a958a91d,21,Male,1,12,-,-,-,-,-,-,-,-,0,0,-,-,-,-,-,-,-,-,-,-,-,-,-,-,-,-,-,-,False,-,-,-,-,-,-,0,ScoreAdded,-,-,-,-,-,-,-,-,-,-,-,-,-,-,-,-,-,-,-,-
2025-03-23 16:28:44.365,PenaltyStart,6639ba1a258d1a06a958a91d,21,Male,-,12,-,-,-,-,-,-,-,-,-,-,-,-,-,-,-,-,-,-,NoDecision,5,-,-,-,-,-,-,-,-,-,-,-,-,-,-,-,-,-,-,-,-,-,-,-,-,-,-,-,-,-,-,-,-,-,-,-,-,-
2025-03-23 16:28:46.379,BlockTimeStatus,6639ba1a258d1a06a958a91d,21,Male,1,-,-,-,-,-,-,-,-,-,-,-,-,-,-,-,-,-,-,-,-,-,-,-,-,-,-,-,-,-,-,-,-,-,-,-,-,-,-,30.55,0,89.45,0.00,-,-,-,-,-,-,-,-,-,-,-,-,-,-,-,-
2025-03-23 16:28:49.658,BlockTimeStatus,6639ba1a258d1a06a958a91d,21,Male,1,-,-,-,-,-,-,-,-,-,-,-,-,-,-,-,-,-,-,-,-,-,-,-,-,-,-,-,-,-,-,-,-,-,-,-,-,-,-,27.27,0,92.73,0.00,-,-,-,-,-,-,-,-,-,-,-,-,-,-,-,-
2025-03-23 16:28:49.858,InfoMessage,6639ba1a258d1a06a958a91d,21,Male,-,-,-,-,-,-,-,-,-,-,-,-,-,-,-,-,-,-,-,-,-,-,-,-,-,-,-,-,-,-,-,-,Score Manager Destroyed,Final Total Score: 0, Final Practice Score: 0,-,-,-,-,-,-,-,-,-,-,-,-,-,-,-,-,-,-,-,-,-,-,-,-,-
2025-03-23 16:28:52.347,DecisionOutcome,6639ba1a258d1a06a958a91d,21,Male,1,1,1,2,NoDecision,2.500,Timeout,False,0.000,0,-,-,-,-,-,-,-,-,-,-,-,-,-,-,-,-,-,-,-,-,False,-,-,-,-,-,-,-,-,-,-,-,-,-,-,-,-,-,-,-,-,-,-,-,-,-,-,-,-
2025-03-23 16:28:52.348,ScoreUpdate,6639ba1a258d1a06a958a91d,21,Male,1,1,-,-,-,-,-,-,-,-,0,0,-,-,-,-,-,-,-,-,-,-,-,-,-,-,-,-,-,-,False,-,-,-,-,-,-,0,ScoreAdded,-,-,-,-,-,-,-,-,-,-,-,-,-,-,-,-,-,-,-,-
2025-03-23 16:28:52.349,PenaltyStart,6639ba1a258d1a06a958a91d,21,Male,-,1,-,-,-,-,-,-,-,-,-,-,-,-,-,-,-,-,-,-,NoDecision,5,-,-,-,-,-,-,-,-,-,-,-,-,-,-,-,-,-,-,-,-,-,-,-,-,-,-,-,-,-,-,-,-,-,-,-,-,-
2025-03-23 16:28:56.762,BlockTimeStatus,6639ba1a258d1a06a958a91d,21,Male,1,-,-,-,-,-,-,-,-,-,-,-,-,-,-,-,-,-,-,-,-,-,-,-,-,-,-,-,-,-,-,-,-,-,-,-,-,-,-,20.55,0,99.45,0.00,-,-,-,-,-,-,-,-,-,-,-,-,-,-,-,-
2025-03-23 16:28:57.635,BlockTimeStatus,6639ba1a258d1a06a958a91d,21,Male,1,-,-,-,-,-,-,-,-,-,-,-,-,-,-,-,-,-,-,-,-,-,-,-,-,-,-,-,-,-,-,-,-,-,-,-,-,-,-,19.68,0,100.32,0.00,-,-,-,-,-,-,-,-,-,-,-,-,-,-,-,-
2025-03-23 16:28:57.843,InfoMessage,6639ba1a258d1a06a958a91d,21,Male,-,-,-,-,-,-,-,-,-,-,-,-,-,-,-,-,-,-,-,-,-,-,-,-,-,-,-,-,-,-,-,-,Score Manager Destroyed,Final Total Score: 0, Final Practice Score: 0,-,-,-,-,-,-,-,-,-,-,-,-,-,-,-,-,-,-,-,-,-,-,-,-,-
2025-03-23 16:29:00.335,DecisionOutcome,6639ba1a258d1a06a958a91d,21,Male,1,2,2,4,NoDecision,2.500,Timeout,False,0.000,0,-,-,-,-,-,-,-,-,-,-,-,-,-,-,-,-,-,-,-,-,False,-,-,-,-,-,-,-,-,-,-,-,-,-,-,-,-,-,-,-,-,-,-,-,-,-,-,-,-
2025-03-23 16:29:00.337,ScoreUpdate,6639ba1a258d1a06a958a91d,21,Male,1,2,-,-,-,-,-,-,-,-,0,0,-,-,-,-,-,-,-,-,-,-,-,-,-,-,-,-,-,-,False,-,-,-,-,-,-,0,ScoreAdded,-,-,-,-,-,-,-,-,-,-,-,-,-,-,-,-,-,-,-,-
2025-03-23 16:29:00.338,PenaltyStart,6639ba1a258d1a06a958a91d,21,Male,-,2,-,-,-,-,-,-,-,-,-,-,-,-,-,-,-,-,-,-,NoDecision,5,-,-,-,-,-,-,-,-,-,-,-,-,-,-,-,-,-,-,-,-,-,-,-,-,-,-,-,-,-,-,-,-,-,-,-,-,-
2025-03-23 16:29:05.655,BlockTimeStatus,6639ba1a258d1a06a958a91d,21,Male,1,-,-,-,-,-,-,-,-,-,-,-,-,-,-,-,-,-,-,-,-,-,-,-,-,-,-,-,-,-,-,-,-,-,-,-,-,-,-,12.08,0,107.92,0.00,-,-,-,-,-,-,-,-,-,-,-,-,-,-,-,-
2025-03-23 16:29:05.854,InfoMessage,6639ba1a258d1a06a958a91d,21,Male,-,-,-,-,-,-,-,-,-,-,-,-,-,-,-,-,-,-,-,-,-,-,-,-,-,-,-,-,-,-,-,-,Score Manager Destroyed,Final Total Score: 0, Final Practice Score: 0,-,-,-,-,-,-,-,-,-,-,-,-,-,-,-,-,-,-,-,-,-,-,-,-,-
2025-03-23 16:29:07.402,BlockTimeStatus,6639ba1a258d1a06a958a91d,21,Male,1,-,-,-,-,-,-,-,-,-,-,-,-,-,-,-,-,-,-,-,-,-,-,-,-,-,-,-,-,-,-,-,-,-,-,-,-,-,-,10.55,0,109.45,0.00,-,-,-,-,-,-,-,-,-,-,-,-,-,-,-,-
2025-03-23 16:29:08.362,DecisionOutcome,6639ba1a258d1a06a958a91d,21,Male,1,3,2,4,NoDecision,2.500,Timeout,False,0.000,0,-,-,-,-,-,-,-,-,-,-,-,-,-,-,-,-,-,-,-,-,False,-,-,-,-,-,-,-,-,-,-,-,-,-,-,-,-,-,-,-,-,-,-,-,-,-,-,-,-
2025-03-23 16:29:08.363,ScoreUpdate,6639ba1a258d1a06a958a91d,21,Male,1,3,-,-,-,-,-,-,-,-,0,0,-,-,-,-,-,-,-,-,-,-,-,-,-,-,-,-,-,-,False,-,-,-,-,-,-,0,ScoreAdded,-,-,-,-,-,-,-,-,-,-,-,-,-,-,-,-,-,-,-,-
2025-03-23 16:29:08.364,PenaltyStart,6639ba1a258d1a06a958a91d,21,Male,-,3,-,-,-,-,-,-,-,-,-,-,-,-,-,-,-,-,-,-,NoDecision,5,-,-,-,-,-,-,-,-,-,-,-,-,-,-,-,-,-,-,-,-,-,-,-,-,-,-,-,-,-,-,-,-,-,-,-,-,-
2025-03-23 16:29:15.171,BlockTimeStatus,6639ba1a258d1a06a958a91d,21,Male,1,-,-,-,-,-,-,-,-,-,-,-,-,-,-,-,-,-,-,-,-,-,-,-,-,-,-,-,-,-,-,-,-,-,-,-,-,-,-,4.49,0,115.51,0.00,-,-,-,-,-,-,-,-,-,-,-,-,-,-,-,-
2025-03-23 16:29:19.781,BlockTimeStatus,6639ba1a258d1a06a958a91d,21,Male,2,-,-,-,-,-,-,-,-,-,-,-,-,-,-,-,-,-,-,-,-,-,-,-,-,-,-,-,-,-,-,-,-,-,-,-,-,-,-,296.15,0,-176.15,0.00,-,-,-,-,-,-,-,-,-,-,-,-,-,-,-,-
2025-03-23 16:29:21.556,InfoMessage,6639ba1a258d1a06a958a91d,21,Male,-,-,-,-,-,-,-,-,-,-,-,-,-,-,-,-,-,-,-,-,-,-,-,-,-,-,-,-,-,-,-,-,Score Manager Destroyed,Final Total Score: 0, Final Practice Score: 0,-,-,-,-,-,-,-,-,-,-,-,-,-,-,-,-,-,-,-,-,-,-,-,-,-
2025-03-23 16:29:23.983,DecisionOutcome,6639ba1a258d1a06a958a91d,21,Male,2,3,2,4,NoDecision,2.500,Timeout,False,0.000,0,-,-,-,-,-,-,-,-,-,-,-,-,-,-,-,-,-,-,-,-,False,-,-,-,-,-,-,-,-,-,-,-,-,-,-,-,-,-,-,-,-,-,-,-,-,-,-,-,-
2025-03-23 16:29:23.986,ScoreUpdate,6639ba1a258d1a06a958a91d,21,Male,2,3,-,-,-,-,-,-,-,-,0,0,-,-,-,-,-,-,-,-,-,-,-,-,-,-,-,-,-,-,False,-,-,-,-,-,-,0,ScoreAdded,-,-,-,-,-,-,-,-,-,-,-,-,-,-,-,-,-,-,-,-
2025-03-23 16:29:23.987,PenaltyStart,6639ba1a258d1a06a958a91d,21,Male,-,3,-,-,-,-,-,-,-,-,-,-,-,-,-,-,-,-,-,-,NoDecision,5,-,-,-,-,-,-,-,-,-,-,-,-,-,-,-,-,-,-,-,-,-,-,-,-,-,-,-,-,-,-,-,-,-,-,-,-,-
2025-03-23 16:29:29.406,BlockTimeStatus,6639ba1a258d1a06a958a91d,21,Male,2,-,-,-,-,-,-,-,-,-,-,-,-,-,-,-,-,-,-,-,-,-,-,-,-,-,-,-,-,-,-,-,-,-,-,-,-,-,-,292.44,0,-172.44,0.00,-,-,-,-,-,-,-,-,-,-,-,-,-,-,-,-
2025-03-23 16:29:29.637,InfoMessage,6639ba1a258d1a06a958a91d,21,Male,-,-,-,-,-,-,-,-,-,-,-,-,-,-,-,-,-,-,-,-,-,-,-,-,-,-,-,-,-,-,-,-,Score Manager Destroyed,Final Total Score: 0, Final Practice Score: 0,-,-,-,-,-,-,-,-,-,-,-,-,-,-,-,-,-,-,-,-,-,-,-,-,-
2025-03-23 16:29:30.528,BlockTimeStatus,6639ba1a258d1a06a958a91d,21,Male,2,-,-,-,-,-,-,-,-,-,-,-,-,-,-,-,-,-,-,-,-,-,-,-,-,-,-,-,-,-,-,-,-,-,-,-,-,-,-,291.55,0,-171.55,0.00,-,-,-,-,-,-,-,-,-,-,-,-,-,-,-,-
2025-03-23 16:29:32.127,DecisionOutcome,6639ba1a258d1a06a958a91d,21,Male,2,4,1,2,NoDecision,2.500,Timeout,False,0.000,0,-,-,-,-,-,-,-,-,-,-,-,-,-,-,-,-,-,-,-,-,False,-,-,-,-,-,-,-,-,-,-,-,-,-,-,-,-,-,-,-,-,-,-,-,-,-,-,-,-
2025-03-23 16:29:32.129,ScoreUpdate,6639ba1a258d1a06a958a91d,21,Male,2,4,-,-,-,-,-,-,-,-,0,0,-,-,-,-,-,-,-,-,-,-,-,-,-,-,-,-,-,-,False,-,-,-,-,-,-,0,ScoreAdded,-,-,-,-,-,-,-,-,-,-,-,-,-,-,-,-,-,-,-,-
2025-03-23 16:29:32.129,PenaltyStart,6639ba1a258d1a06a958a91d,21,Male,-,4,-,-,-,-,-,-,-,-,-,-,-,-,-,-,-,-,-,-,NoDecision,5,-,-,-,-,-,-,-,-,-,-,-,-,-,-,-,-,-,-,-,-,-,-,-,-,-,-,-,-,-,-,-,-,-,-,-,-,-
2025-03-23 16:29:37.432,BlockTimeStatus,6639ba1a258d1a06a958a91d,21,Male,2,-,-,-,-,-,-,-,-,-,-,-,-,-,-,-,-,-,-,-,-,-,-,-,-,-,-,-,-,-,-,-,-,-,-,-,-,-,-,284.85,0,-164.85,0.00,-,-,-,-,-,-,-,-,-,-,-,-,-,-,-,-
2025-03-23 16:29:37.621,InfoMessage,6639ba1a258d1a06a958a91d,21,Male,-,-,-,-,-,-,-,-,-,-,-,-,-,-,-,-,-,-,-,-,-,-,-,-,-,-,-,-,-,-,-,-,Score Manager Destroyed,Final Total Score: 0, Final Practice Score: 0,-,-,-,-,-,-,-,-,-,-,-,-,-,-,-,-,-,-,-,-,-,-,-,-,-
2025-03-23 16:29:40.120,DecisionOutcome,6639ba1a258d1a06a958a91d,21,Male,2,5,3,5,NoDecision,2.500,Timeout,False,0.000,0,-,-,-,-,-,-,-,-,-,-,-,-,-,-,-,-,-,-,-,-,False,-,-,-,-,-,-,-,-,-,-,-,-,-,-,-,-,-,-,-,-,-,-,-,-,-,-,-,-
2025-03-23 16:29:40.121,ScoreUpdate,6639ba1a258d1a06a958a91d,21,Male,2,5,-,-,-,-,-,-,-,-,0,0,-,-,-,-,-,-,-,-,-,-,-,-,-,-,-,-,-,-,False,-,-,-,-,-,-,0,ScoreAdded,-,-,-,-,-,-,-,-,-,-,-,-,-,-,-,-,-,-,-,-
2025-03-23 16:29:40.122,PenaltyStart,6639ba1a258d1a06a958a91d,21,Male,-,5,-,-,-,-,-,-,-,-,-,-,-,-,-,-,-,-,-,-,NoDecision,5,-,-,-,-,-,-,-,-,-,-,-,-,-,-,-,-,-,-,-,-,-,-,-,-,-,-,-,-,-,-,-,-,-,-,-,-,-
2025-03-23 16:29:41.125,BlockTimeStatus,6639ba1a258d1a06a958a91d,21,Male,2,-,-,-,-,-,-,-,-,-,-,-,-,-,-,-,-,-,-,-,-,-,-,-,-,-,-,-,-,-,-,-,-,-,-,-,-,-,-,281.55,0,-161.55,0.00,-,-,-,-,-,-,-,-,-,-,-,-,-,-,-,-
2025-03-23 16:29:45.420,BlockTimeStatus,6639ba1a258d1a06a958a91d,21,Male,2,-,-,-,-,-,-,-,-,-,-,-,-,-,-,-,-,-,-,-,-,-,-,-,-,-,-,-,-,-,-,-,-,-,-,-,-,-,-,277.25,0,-157.25,0.00,-,-,-,-,-,-,-,-,-,-,-,-,-,-,-,-
2025-03-23 16:29:45.607,InfoMessage,6639ba1a258d1a06a958a91d,21,Male,-,-,-,-,-,-,-,-,-,-,-,-,-,-,-,-,-,-,-,-,-,-,-,-,-,-,-,-,-,-,-,-,Score Manager Destroyed,Final Total Score: 0, Final Practice Score: 0,-,-,-,-,-,-,-,-,-,-,-,-,-,-,-,-,-,-,-,-,-,-,-,-,-
2025-03-23 16:29:48.102,DecisionOutcome,6639ba1a258d1a06a958a91d,21,Male,2,6,1,2,NoDecision,2.500,Timeout,False,0.000,0,-,-,-,-,-,-,-,-,-,-,-,-,-,-,-,-,-,-,-,-,False,-,-,-,-,-,-,-,-,-,-,-,-,-,-,-,-,-,-,-,-,-,-,-,-,-,-,-,-
2025-03-23 16:29:48.103,ScoreUpdate,6639ba1a258d1a06a958a91d,21,Male,2,6,-,-,-,-,-,-,-,-,0,0,-,-,-,-,-,-,-,-,-,-,-,-,-,-,-,-,-,-,False,-,-,-,-,-,-,0,ScoreAdded,-,-,-,-,-,-,-,-,-,-,-,-,-,-,-,-,-,-,-,-
2025-03-23 16:29:48.104,PenaltyStart,6639ba1a258d1a06a958a91d,21,Male,-,6,-,-,-,-,-,-,-,-,-,-,-,-,-,-,-,-,-,-,NoDecision,5,-,-,-,-,-,-,-,-,-,-,-,-,-,-,-,-,-,-,-,-,-,-,-,-,-,-,-,-,-,-,-,-,-,-,-,-,-
2025-03-23 16:29:51.502,BlockTimeStatus,6639ba1a258d1a06a958a91d,21,Male,2,-,-,-,-,-,-,-,-,-,-,-,-,-,-,-,-,-,-,-,-,-,-,-,-,-,-,-,-,-,-,-,-,-,-,-,-,-,-,271.55,0,-151.55,0.00,-,-,-,-,-,-,-,-,-,-,-,-,-,-,-,-
2025-03-23 16:29:53.390,BlockTimeStatus,6639ba1a258d1a06a958a91d,21,Male,2,-,-,-,-,-,-,-,-,-,-,-,-,-,-,-,-,-,-,-,-,-,-,-,-,-,-,-,-,-,-,-,-,-,-,-,-,-,-,269.66,0,-149.66,0.00,-,-,-,-,-,-,-,-,-,-,-,-,-,-,-,-
2025-03-23 16:29:53.574,InfoMessage,6639ba1a258d1a06a958a91d,21,Male,-,-,-,-,-,-,-,-,-,-,-,-,-,-,-,-,-,-,-,-,-,-,-,-,-,-,-,-,-,-,-,-,Score Manager Destroyed,Final Total Score: 0, Final Practice Score: 0,-,-,-,-,-,-,-,-,-,-,-,-,-,-,-,-,-,-,-,-,-,-,-,-,-
2025-03-23 16:29:56.073,DecisionOutcome,6639ba1a258d1a06a958a91d,21,Male,2,7,2,4,NoDecision,2.500,Timeout,False,0.000,0,-,-,-,-,-,-,-,-,-,-,-,-,-,-,-,-,-,-,-,-,False,-,-,-,-,-,-,-,-,-,-,-,-,-,-,-,-,-,-,-,-,-,-,-,-,-,-,-,-
2025-03-23 16:29:56.074,ScoreUpdate,6639ba1a258d1a06a958a91d,21,Male,2,7,-,-,-,-,-,-,-,-,0,0,-,-,-,-,-,-,-,-,-,-,-,-,-,-,-,-,-,-,False,-,-,-,-,-,-,0,ScoreAdded,-,-,-,-,-,-,-,-,-,-,-,-,-,-,-,-,-,-,-,-
2025-03-23 16:29:56.075,PenaltyStart,6639ba1a258d1a06a958a91d,21,Male,-,7,-,-,-,-,-,-,-,-,-,-,-,-,-,-,-,-,-,-,NoDecision,5,-,-,-,-,-,-,-,-,-,-,-,-,-,-,-,-,-,-,-,-,-,-,-,-,-,-,-,-,-,-,-,-,-,-,-,-,-
2025-03-23 16:30:01.372,BlockTimeStatus,6639ba1a258d1a06a958a91d,21,Male,2,-,-,-,-,-,-,-,-,-,-,-,-,-,-,-,-,-,-,-,-,-,-,-,-,-,-,-,-,-,-,-,-,-,-,-,-,-,-,262.07,0,-142.07,0.00,-,-,-,-,-,-,-,-,-,-,-,-,-,-,-,-
2025-03-23 16:30:01.556,InfoMessage,6639ba1a258d1a06a958a91d,21,Male,-,-,-,-,-,-,-,-,-,-,-,-,-,-,-,-,-,-,-,-,-,-,-,-,-,-,-,-,-,-,-,-,Score Manager Destroyed,Final Total Score: 0, Final Practice Score: 0,-,-,-,-,-,-,-,-,-,-,-,-,-,-,-,-,-,-,-,-,-,-,-,-,-
2025-03-23 16:30:02.099,BlockTimeStatus,6639ba1a258d1a06a958a91d,21,Male,2,-,-,-,-,-,-,-,-,-,-,-,-,-,-,-,-,-,-,-,-,-,-,-,-,-,-,-,-,-,-,-,-,-,-,-,-,-,-,261.55,0,-141.55,0.00,-,-,-,-,-,-,-,-,-,-,-,-,-,-,-,-
2025-03-23 16:30:04.070,DecisionOutcome,6639ba1a258d1a06a958a91d,21,Male,2,8,2,4,NoDecision,2.500,Timeout,False,0.000,0,-,-,-,-,-,-,-,-,-,-,-,-,-,-,-,-,-,-,-,-,False,-,-,-,-,-,-,-,-,-,-,-,-,-,-,-,-,-,-,-,-,-,-,-,-,-,-,-,-
2025-03-23 16:30:04.071,ScoreUpdate,6639ba1a258d1a06a958a91d,21,Male,2,8,-,-,-,-,-,-,-,-,0,0,-,-,-,-,-,-,-,-,-,-,-,-,-,-,-,-,-,-,False,-,-,-,-,-,-,0,ScoreAdded,-,-,-,-,-,-,-,-,-,-,-,-,-,-,-,-,-,-,-,-
2025-03-23 16:30:04.072,PenaltyStart,6639ba1a258d1a06a958a91d,21,Male,-,8,-,-,-,-,-,-,-,-,-,-,-,-,-,-,-,-,-,-,NoDecision,5,-,-,-,-,-,-,-,-,-,-,-,-,-,-,-,-,-,-,-,-,-,-,-,-,-,-,-,-,-,-,-,-,-,-,-,-,-
2025-03-23 16:30:09.366,BlockTimeStatus,6639ba1a258d1a06a958a91d,21,Male,2,-,-,-,-,-,-,-,-,-,-,-,-,-,-,-,-,-,-,-,-,-,-,-,-,-,-,-,-,-,-,-,-,-,-,-,-,-,-,254.47,0,-134.47,0.00,-,-,-,-,-,-,-,-,-,-,-,-,-,-,-,-
2025-03-23 16:30:09.562,InfoMessage,6639ba1a258d1a06a958a91d,21,Male,-,-,-,-,-,-,-,-,-,-,-,-,-,-,-,-,-,-,-,-,-,-,-,-,-,-,-,-,-,-,-,-,Score Manager Destroyed,Final Total Score: 0, Final Practice Score: 0,-,-,-,-,-,-,-,-,-,-,-,-,-,-,-,-,-,-,-,-,-,-,-,-,-
2025-03-23 16:30:12.067,DecisionOutcome,6639ba1a258d1a06a958a91d,21,Male,2,9,1,2,NoDecision,2.500,Timeout,False,0.000,0,-,-,-,-,-,-,-,-,-,-,-,-,-,-,-,-,-,-,-,-,False,-,-,-,-,-,-,-,-,-,-,-,-,-,-,-,-,-,-,-,-,-,-,-,-,-,-,-,-
2025-03-23 16:30:12.069,ScoreUpdate,6639ba1a258d1a06a958a91d,21,Male,2,9,-,-,-,-,-,-,-,-,0,0,-,-,-,-,-,-,-,-,-,-,-,-,-,-,-,-,-,-,False,-,-,-,-,-,-,0,ScoreAdded,-,-,-,-,-,-,-,-,-,-,-,-,-,-,-,-,-,-,-,-
2025-03-23 16:30:12.069,PenaltyStart,6639ba1a258d1a06a958a91d,21,Male,-,9,-,-,-,-,-,-,-,-,-,-,-,-,-,-,-,-,-,-,NoDecision,5,-,-,-,-,-,-,-,-,-,-,-,-,-,-,-,-,-,-,-,-,-,-,-,-,-,-,-,-,-,-,-,-,-,-,-,-,-
2025-03-23 16:30:12.682,BlockTimeStatus,6639ba1a258d1a06a958a91d,21,Male,2,-,-,-,-,-,-,-,-,-,-,-,-,-,-,-,-,-,-,-,-,-,-,-,-,-,-,-,-,-,-,-,-,-,-,-,-,-,-,251.55,0,-131.55,0.00,-,-,-,-,-,-,-,-,-,-,-,-,-,-,-,-
2025-03-23 16:30:17.358,BlockTimeStatus,6639ba1a258d1a06a958a91d,21,Male,2,-,-,-,-,-,-,-,-,-,-,-,-,-,-,-,-,-,-,-,-,-,-,-,-,-,-,-,-,-,-,-,-,-,-,-,-,-,-,246.87,0,-126.87,0.00,-,-,-,-,-,-,-,-,-,-,-,-,-,-,-,-
2025-03-23 16:30:17.739,InfoMessage,6639ba1a258d1a06a958a91d,21,Male,-,-,-,-,-,-,-,-,-,-,-,-,-,-,-,-,-,-,-,-,-,-,-,-,-,-,-,-,-,-,-,-,Score Manager Destroyed,Final Total Score: 0, Final Practice Score: 0,-,-,-,-,-,-,-,-,-,-,-,-,-,-,-,-,-,-,-,-,-,-,-,-,-
2025-03-23 16:30:20.239,DecisionOutcome,6639ba1a258d1a06a958a91d,21,Male,2,10,3,5,NoDecision,2.500,Timeout,False,0.000,0,-,-,-,-,-,-,-,-,-,-,-,-,-,-,-,-,-,-,-,-,False,-,-,-,-,-,-,-,-,-,-,-,-,-,-,-,-,-,-,-,-,-,-,-,-,-,-,-,-
2025-03-23 16:30:20.240,ScoreUpdate,6639ba1a258d1a06a958a91d,21,Male,2,10,-,-,-,-,-,-,-,-,0,0,-,-,-,-,-,-,-,-,-,-,-,-,-,-,-,-,-,-,False,-,-,-,-,-,-,0,ScoreAdded,-,-,-,-,-,-,-,-,-,-,-,-,-,-,-,-,-,-,-,-
2025-03-23 16:30:20.241,PenaltyStart,6639ba1a258d1a06a958a91d,21,Male,-,10,-,-,-,-,-,-,-,-,-,-,-,-,-,-,-,-,-,-,NoDecision,5,-,-,-,-,-,-,-,-,-,-,-,-,-,-,-,-,-,-,-,-,-,-,-,-,-,-,-,-,-,-,-,-,-,-,-,-,-
2025-03-23 16:30:23.302,BlockTimeStatus,6639ba1a258d1a06a958a91d,21,Male,2,-,-,-,-,-,-,-,-,-,-,-,-,-,-,-,-,-,-,-,-,-,-,-,-,-,-,-,-,-,-,-,-,-,-,-,-,-,-,241.55,0,-121.55,0.00,-,-,-,-,-,-,-,-,-,-,-,-,-,-,-,-
2025-03-23 16:30:25.564,BlockTimeStatus,6639ba1a258d1a06a958a91d,21,Male,2,-,-,-,-,-,-,-,-,-,-,-,-,-,-,-,-,-,-,-,-,-,-,-,-,-,-,-,-,-,-,-,-,-,-,-,-,-,-,239.28,0,-119.28,0.00,-,-,-,-,-,-,-,-,-,-,-,-,-,-,-,-
2025-03-23 16:30:25.942,InfoMessage,6639ba1a258d1a06a958a91d,21,Male,-,-,-,-,-,-,-,-,-,-,-,-,-,-,-,-,-,-,-,-,-,-,-,-,-,-,-,-,-,-,-,-,Score Manager Destroyed,Final Total Score: 0, Final Practice Score: 0,-,-,-,-,-,-,-,-,-,-,-,-,-,-,-,-,-,-,-,-,-,-,-,-,-
2025-03-23 16:30:28.441,DecisionOutcome,6639ba1a258d1a06a958a91d,21,Male,2,11,3,5,NoDecision,2.500,Timeout,False,0.000,0,-,-,-,-,-,-,-,-,-,-,-,-,-,-,-,-,-,-,-,-,False,-,-,-,-,-,-,-,-,-,-,-,-,-,-,-,-,-,-,-,-,-,-,-,-,-,-,-,-
2025-03-23 16:30:28.443,ScoreUpdate,6639ba1a258d1a06a958a91d,21,Male,2,11,-,-,-,-,-,-,-,-,0,0,-,-,-,-,-,-,-,-,-,-,-,-,-,-,-,-,-,-,False,-,-,-,-,-,-,0,ScoreAdded,-,-,-,-,-,-,-,-,-,-,-,-,-,-,-,-,-,-,-,-
2025-03-23 16:30:28.447,PenaltyStart,6639ba1a258d1a06a958a91d,21,Male,-,11,-,-,-,-,-,-,-,-,-,-,-,-,-,-,-,-,-,-,NoDecision,5,-,-,-,-,-,-,-,-,-,-,-,-,-,-,-,-,-,-,-,-,-,-,-,-,-,-,-,-,-,-,-,-,-,-,-,-,-
2025-03-23 16:30:33.922,BlockTimeStatus,6639ba1a258d1a06a958a91d,21,Male,2,-,-,-,-,-,-,-,-,-,-,-,-,-,-,-,-,-,-,-,-,-,-,-,-,-,-,-,-,-,-,-,-,-,-,-,-,-,-,231.68,0,-111.68,0.00,-,-,-,-,-,-,-,-,-,-,-,-,-,-,-,-
2025-03-23 16:30:34.247,InfoMessage,6639ba1a258d1a06a958a91d,21,Male,-,-,-,-,-,-,-,-,-,-,-,-,-,-,-,-,-,-,-,-,-,-,-,-,-,-,-,-,-,-,-,-,Score Manager Destroyed,Final Total Score: 0, Final Practice Score: 0,-,-,-,-,-,-,-,-,-,-,-,-,-,-,-,-,-,-,-,-,-,-,-,-,-
2025-03-23 16:30:34.388,BlockTimeStatus,6639ba1a258d1a06a958a91d,21,Male,2,-,-,-,-,-,-,-,-,-,-,-,-,-,-,-,-,-,-,-,-,-,-,-,-,-,-,-,-,-,-,-,-,-,-,-,-,-,-,231.55,0,-111.55,0.00,-,-,-,-,-,-,-,-,-,-,-,-,-,-,-,-
2025-03-23 16:30:36.734,DecisionOutcome,6639ba1a258d1a06a958a91d,21,Male,2,12,3,5,NoDecision,2.500,Timeout,False,0.000,0,-,-,-,-,-,-,-,-,-,-,-,-,-,-,-,-,-,-,-,-,False,-,-,-,-,-,-,-,-,-,-,-,-,-,-,-,-,-,-,-,-,-,-,-,-,-,-,-,-
2025-03-23 16:30:36.735,ScoreUpdate,6639ba1a258d1a06a958a91d,21,Male,2,12,-,-,-,-,-,-,-,-,0,0,-,-,-,-,-,-,-,-,-,-,-,-,-,-,-,-,-,-,False,-,-,-,-,-,-,0,ScoreAdded,-,-,-,-,-,-,-,-,-,-,-,-,-,-,-,-,-,-,-,-
2025-03-23 16:30:36.736,PenaltyStart,6639ba1a258d1a06a958a91d,21,Male,-,12,-,-,-,-,-,-,-,-,-,-,-,-,-,-,-,-,-,-,NoDecision,5,-,-,-,-,-,-,-,-,-,-,-,-,-,-,-,-,-,-,-,-,-,-,-,-,-,-,-,-,-,-,-,-,-,-,-,-,-
2025-03-23 16:30:42.035,BlockTimeStatus,6639ba1a258d1a06a958a91d,21,Male,2,-,-,-,-,-,-,-,-,-,-,-,-,-,-,-,-,-,-,-,-,-,-,-,-,-,-,-,-,-,-,-,-,-,-,-,-,-,-,224.10,0,-104.10,0.00,-,-,-,-,-,-,-,-,-,-,-,-,-,-,-,-
2025-03-23 16:30:42.243,InfoMessage,6639ba1a258d1a06a958a91d,21,Male,-,-,-,-,-,-,-,-,-,-,-,-,-,-,-,-,-,-,-,-,-,-,-,-,-,-,-,-,-,-,-,-,Score Manager Destroyed,Final Total Score: 0, Final Practice Score: 0,-,-,-,-,-,-,-,-,-,-,-,-,-,-,-,-,-,-,-,-,-,-,-,-,-
2025-03-23 16:30:44.740,DecisionOutcome,6639ba1a258d1a06a958a91d,21,Male,2,1,1,2,NoDecision,2.500,Timeout,False,0.000,0,-,-,-,-,-,-,-,-,-,-,-,-,-,-,-,-,-,-,-,-,False,-,-,-,-,-,-,-,-,-,-,-,-,-,-,-,-,-,-,-,-,-,-,-,-,-,-,-,-
2025-03-23 16:30:44.741,ScoreUpdate,6639ba1a258d1a06a958a91d,21,Male,2,1,-,-,-,-,-,-,-,-,0,0,-,-,-,-,-,-,-,-,-,-,-,-,-,-,-,-,-,-,False,-,-,-,-,-,-,0,ScoreAdded,-,-,-,-,-,-,-,-,-,-,-,-,-,-,-,-,-,-,-,-
2025-03-23 16:30:44.742,PenaltyStart,6639ba1a258d1a06a958a91d,21,Male,-,1,-,-,-,-,-,-,-,-,-,-,-,-,-,-,-,-,-,-,NoDecision,5,-,-,-,-,-,-,-,-,-,-,-,-,-,-,-,-,-,-,-,-,-,-,-,-,-,-,-,-,-,-,-,-,-,-,-,-,-
2025-03-23 16:30:44.983,BlockTimeStatus,6639ba1a258d1a06a958a91d,21,Male,2,-,-,-,-,-,-,-,-,-,-,-,-,-,-,-,-,-,-,-,-,-,-,-,-,-,-,-,-,-,-,-,-,-,-,-,-,-,-,221.55,0,-101.55,0.00,-,-,-,-,-,-,-,-,-,-,-,-,-,-,-,-
2025-03-23 16:30:50.034,BlockTimeStatus,6639ba1a258d1a06a958a91d,21,Male,2,-,-,-,-,-,-,-,-,-,-,-,-,-,-,-,-,-,-,-,-,-,-,-,-,-,-,-,-,-,-,-,-,-,-,-,-,-,-,216.50,0,-96.50,0.00,-,-,-,-,-,-,-,-,-,-,-,-,-,-,-,-
2025-03-23 16:30:50.259,InfoMessage,6639ba1a258d1a06a958a91d,21,Male,-,-,-,-,-,-,-,-,-,-,-,-,-,-,-,-,-,-,-,-,-,-,-,-,-,-,-,-,-,-,-,-,Score Manager Destroyed,Final Total Score: 0, Final Practice Score: 0,-,-,-,-,-,-,-,-,-,-,-,-,-,-,-,-,-,-,-,-,-,-,-,-,-
2025-03-23 16:30:52.674,DecisionOutcome,6639ba1a258d1a06a958a91d,21,Male,2,2,2,4,NoDecision,2.500,Timeout,False,0.000,0,-,-,-,-,-,-,-,-,-,-,-,-,-,-,-,-,-,-,-,-,False,-,-,-,-,-,-,-,-,-,-,-,-,-,-,-,-,-,-,-,-,-,-,-,-,-,-,-,-
2025-03-23 16:30:52.675,ScoreUpdate,6639ba1a258d1a06a958a91d,21,Male,2,2,-,-,-,-,-,-,-,-,0,0,-,-,-,-,-,-,-,-,-,-,-,-,-,-,-,-,-,-,False,-,-,-,-,-,-,0,ScoreAdded,-,-,-,-,-,-,-,-,-,-,-,-,-,-,-,-,-,-,-,-
2025-03-23 16:30:52.676,PenaltyStart,6639ba1a258d1a06a958a91d,21,Male,-,2,-,-,-,-,-,-,-,-,-,-,-,-,-,-,-,-,-,-,NoDecision,5,-,-,-,-,-,-,-,-,-,-,-,-,-,-,-,-,-,-,-,-,-,-,-,-,-,-,-,-,-,-,-,-,-,-,-,-,-
2025-03-23 16:30:55.372,BlockTimeStatus,6639ba1a258d1a06a958a91d,21,Male,2,-,-,-,-,-,-,-,-,-,-,-,-,-,-,-,-,-,-,-,-,-,-,-,-,-,-,-,-,-,-,-,-,-,-,-,-,-,-,211.55,0,-91.55,0.00,-,-,-,-,-,-,-,-,-,-,-,-,-,-,-,-
2025-03-23 16:30:57.977,BlockTimeStatus,6639ba1a258d1a06a958a91d,21,Male,2,-,-,-,-,-,-,-,-,-,-,-,-,-,-,-,-,-,-,-,-,-,-,-,-,-,-,-,-,-,-,-,-,-,-,-,-,-,-,208.94,0,-88.94,0.00,-,-,-,-,-,-,-,-,-,-,-,-,-,-,-,-
2025-03-23 16:30:58.447,InfoMessage,6639ba1a258d1a06a958a91d,21,Male,-,-,-,-,-,-,-,-,-,-,-,-,-,-,-,-,-,-,-,-,-,-,-,-,-,-,-,-,-,-,-,-,Score Manager Destroyed,Final Total Score: 0, Final Practice Score: 0,-,-,-,-,-,-,-,-,-,-,-,-,-,-,-,-,-,-,-,-,-,-,-,-,-
2025-03-23 16:31:00.949,DecisionOutcome,6639ba1a258d1a06a958a91d,21,Male,2,3,2,4,NoDecision,2.500,Timeout,False,0.000,0,-,-,-,-,-,-,-,-,-,-,-,-,-,-,-,-,-,-,-,-,False,-,-,-,-,-,-,-,-,-,-,-,-,-,-,-,-,-,-,-,-,-,-,-,-,-,-,-,-
2025-03-23 16:31:00.950,ScoreUpdate,6639ba1a258d1a06a958a91d,21,Male,2,3,-,-,-,-,-,-,-,-,0,0,-,-,-,-,-,-,-,-,-,-,-,-,-,-,-,-,-,-,False,-,-,-,-,-,-,0,ScoreAdded,-,-,-,-,-,-,-,-,-,-,-,-,-,-,-,-,-,-,-,-
2025-03-23 16:31:00.951,PenaltyStart,6639ba1a258d1a06a958a91d,21,Male,-,3,-,-,-,-,-,-,-,-,-,-,-,-,-,-,-,-,-,-,NoDecision,5,-,-,-,-,-,-,-,-,-,-,-,-,-,-,-,-,-,-,-,-,-,-,-,-,-,-,-,-,-,-,-,-,-,-,-,-,-
2025-03-23 16:31:06.142,BlockTimeStatus,6639ba1a258d1a06a958a91d,21,Male,2,-,-,-,-,-,-,-,-,-,-,-,-,-,-,-,-,-,-,-,-,-,-,-,-,-,-,-,-,-,-,-,-,-,-,-,-,-,-,201.55,0,-81.55,0.00,-,-,-,-,-,-,-,-,-,-,-,-,-,-,-,-
2025-03-23 16:31:06.338,BlockTimeStatus,6639ba1a258d1a06a958a91d,21,Male,2,-,-,-,-,-,-,-,-,-,-,-,-,-,-,-,-,-,-,-,-,-,-,-,-,-,-,-,-,-,-,-,-,-,-,-,-,-,-,201.35,0,-81.35,0.00,-,-,-,-,-,-,-,-,-,-,-,-,-,-,-,-
2025-03-23 16:31:06.755,InfoMessage,6639ba1a258d1a06a958a91d,21,Male,-,-,-,-,-,-,-,-,-,-,-,-,-,-,-,-,-,-,-,-,-,-,-,-,-,-,-,-,-,-,-,-,Score Manager Destroyed,Final Total Score: 0, Final Practice Score: 0,-,-,-,-,-,-,-,-,-,-,-,-,-,-,-,-,-,-,-,-,-,-,-,-,-
2025-03-23 16:31:09.286,DecisionOutcome,6639ba1a258d1a06a958a91d,21,Male,2,4,1,2,NoDecision,2.500,Timeout,False,0.000,0,-,-,-,-,-,-,-,-,-,-,-,-,-,-,-,-,-,-,-,-,False,-,-,-,-,-,-,-,-,-,-,-,-,-,-,-,-,-,-,-,-,-,-,-,-,-,-,-,-
2025-03-23 16:31:09.287,ScoreUpdate,6639ba1a258d1a06a958a91d,21,Male,2,4,-,-,-,-,-,-,-,-,0,0,-,-,-,-,-,-,-,-,-,-,-,-,-,-,-,-,-,-,False,-,-,-,-,-,-,0,ScoreAdded,-,-,-,-,-,-,-,-,-,-,-,-,-,-,-,-,-,-,-,-
2025-03-23 16:31:09.288,PenaltyStart,6639ba1a258d1a06a958a91d,21,Male,-,4,-,-,-,-,-,-,-,-,-,-,-,-,-,-,-,-,-,-,NoDecision,5,-,-,-,-,-,-,-,-,-,-,-,-,-,-,-,-,-,-,-,-,-,-,-,-,-,-,-,-,-,-,-,-,-,-,-,-,-
2025-03-23 16:31:14.575,BlockTimeStatus,6639ba1a258d1a06a958a91d,21,Male,2,-,-,-,-,-,-,-,-,-,-,-,-,-,-,-,-,-,-,-,-,-,-,-,-,-,-,-,-,-,-,-,-,-,-,-,-,-,-,193.77,0,-73.77,0.00,-,-,-,-,-,-,-,-,-,-,-,-,-,-,-,-
2025-03-23 16:31:14.806,InfoMessage,6639ba1a258d1a06a958a91d,21,Male,-,-,-,-,-,-,-,-,-,-,-,-,-,-,-,-,-,-,-,-,-,-,-,-,-,-,-,-,-,-,-,-,Score Manager Destroyed,Final Total Score: 0, Final Practice Score: 0,-,-,-,-,-,-,-,-,-,-,-,-,-,-,-,-,-,-,-,-,-,-,-,-,-
2025-03-23 16:31:17.038,BlockTimeStatus,6639ba1a258d1a06a958a91d,21,Male,2,-,-,-,-,-,-,-,-,-,-,-,-,-,-,-,-,-,-,-,-,-,-,-,-,-,-,-,-,-,-,-,-,-,-,-,-,-,-,191.55,0,-71.55,0.00,-,-,-,-,-,-,-,-,-,-,-,-,-,-,-,-
2025-03-23 16:31:17.310,DecisionOutcome,6639ba1a258d1a06a958a91d,21,Male,2,5,3,5,NoDecision,2.500,Timeout,False,0.000,0,-,-,-,-,-,-,-,-,-,-,-,-,-,-,-,-,-,-,-,-,False,-,-,-,-,-,-,-,-,-,-,-,-,-,-,-,-,-,-,-,-,-,-,-,-,-,-,-,-
2025-03-23 16:31:17.311,ScoreUpdate,6639ba1a258d1a06a958a91d,21,Male,2,5,-,-,-,-,-,-,-,-,0,0,-,-,-,-,-,-,-,-,-,-,-,-,-,-,-,-,-,-,False,-,-,-,-,-,-,0,ScoreAdded,-,-,-,-,-,-,-,-,-,-,-,-,-,-,-,-,-,-,-,-
2025-03-23 16:31:17.312,PenaltyStart,6639ba1a258d1a06a958a91d,21,Male,-,5,-,-,-,-,-,-,-,-,-,-,-,-,-,-,-,-,-,-,NoDecision,5,-,-,-,-,-,-,-,-,-,-,-,-,-,-,-,-,-,-,-,-,-,-,-,-,-,-,-,-,-,-,-,-,-,-,-,-,-
2025-03-23 16:31:22.596,BlockTimeStatus,6639ba1a258d1a06a958a91d,21,Male,2,-,-,-,-,-,-,-,-,-,-,-,-,-,-,-,-,-,-,-,-,-,-,-,-,-,-,-,-,-,-,-,-,-,-,-,-,-,-,186.18,0,-66.18,0.00,-,-,-,-,-,-,-,-,-,-,-,-,-,-,-,-
2025-03-23 16:31:22.877,InfoMessage,6639ba1a258d1a06a958a91d,21,Male,-,-,-,-,-,-,-,-,-,-,-,-,-,-,-,-,-,-,-,-,-,-,-,-,-,-,-,-,-,-,-,-,Score Manager Destroyed,Final Total Score: 0, Final Practice Score: 0,-,-,-,-,-,-,-,-,-,-,-,-,-,-,-,-,-,-,-,-,-,-,-,-,-
2025-03-23 16:31:25.299,DecisionOutcome,6639ba1a258d1a06a958a91d,21,Male,2,6,1,2,NoDecision,2.500,Timeout,False,0.000,0,-,-,-,-,-,-,-,-,-,-,-,-,-,-,-,-,-,-,-,-,False,-,-,-,-,-,-,-,-,-,-,-,-,-,-,-,-,-,-,-,-,-,-,-,-,-,-,-,-
2025-03-23 16:31:25.302,ScoreUpdate,6639ba1a258d1a06a958a91d,21,Male,2,6,-,-,-,-,-,-,-,-,0,0,-,-,-,-,-,-,-,-,-,-,-,-,-,-,-,-,-,-,False,-,-,-,-,-,-,0,ScoreAdded,-,-,-,-,-,-,-,-,-,-,-,-,-,-,-,-,-,-,-,-
2025-03-23 16:31:25.304,PenaltyStart,6639ba1a258d1a06a958a91d,21,Male,-,6,-,-,-,-,-,-,-,-,-,-,-,-,-,-,-,-,-,-,NoDecision,5,-,-,-,-,-,-,-,-,-,-,-,-,-,-,-,-,-,-,-,-,-,-,-,-,-,-,-,-,-,-,-,-,-,-,-,-,-
2025-03-23 16:31:27.704,BlockTimeStatus,6639ba1a258d1a06a958a91d,21,Male,2,-,-,-,-,-,-,-,-,-,-,-,-,-,-,-,-,-,-,-,-,-,-,-,-,-,-,-,-,-,-,-,-,-,-,-,-,-,-,181.55,0,-61.55,0.00,-,-,-,-,-,-,-,-,-,-,-,-,-,-,-,-
2025-03-23 16:31:30.638,BlockTimeStatus,6639ba1a258d1a06a958a91d,21,Male,2,-,-,-,-,-,-,-,-,-,-,-,-,-,-,-,-,-,-,-,-,-,-,-,-,-,-,-,-,-,-,-,-,-,-,-,-,-,-,178.62,0,-58.62,0.00,-,-,-,-,-,-,-,-,-,-,-,-,-,-,-,-
2025-03-23 16:31:30.854,InfoMessage,6639ba1a258d1a06a958a91d,21,Male,-,-,-,-,-,-,-,-,-,-,-,-,-,-,-,-,-,-,-,-,-,-,-,-,-,-,-,-,-,-,-,-,Score Manager Destroyed,Final Total Score: 0, Final Practice Score: 0,-,-,-,-,-,-,-,-,-,-,-,-,-,-,-,-,-,-,-,-,-,-,-,-,-
2025-03-23 16:31:33.375,DecisionOutcome,6639ba1a258d1a06a958a91d,21,Male,2,7,2,4,NoDecision,2.500,Timeout,False,0.000,0,-,-,-,-,-,-,-,-,-,-,-,-,-,-,-,-,-,-,-,-,False,-,-,-,-,-,-,-,-,-,-,-,-,-,-,-,-,-,-,-,-,-,-,-,-,-,-,-,-
2025-03-23 16:31:33.376,ScoreUpdate,6639ba1a258d1a06a958a91d,21,Male,2,7,-,-,-,-,-,-,-,-,0,0,-,-,-,-,-,-,-,-,-,-,-,-,-,-,-,-,-,-,False,-,-,-,-,-,-,0,ScoreAdded,-,-,-,-,-,-,-,-,-,-,-,-,-,-,-,-,-,-,-,-
2025-03-23 16:31:33.377,PenaltyStart,6639ba1a258d1a06a958a91d,21,Male,-,7,-,-,-,-,-,-,-,-,-,-,-,-,-,-,-,-,-,-,NoDecision,5,-,-,-,-,-,-,-,-,-,-,-,-,-,-,-,-,-,-,-,-,-,-,-,-,-,-,-,-,-,-,-,-,-,-,-,-,-
2025-03-23 16:31:38.151,BlockTimeStatus,6639ba1a258d1a06a958a91d,21,Male,2,-,-,-,-,-,-,-,-,-,-,-,-,-,-,-,-,-,-,-,-,-,-,-,-,-,-,-,-,-,-,-,-,-,-,-,-,-,-,171.55,0,-51.55,0.00,-,-,-,-,-,-,-,-,-,-,-,-,-,-,-,-
2025-03-23 16:31:38.679,BlockTimeStatus,6639ba1a258d1a06a958a91d,21,Male,2,-,-,-,-,-,-,-,-,-,-,-,-,-,-,-,-,-,-,-,-,-,-,-,-,-,-,-,-,-,-,-,-,-,-,-,-,-,-,171.02,0,-51.02,0.00,-,-,-,-,-,-,-,-,-,-,-,-,-,-,-,-
2025-03-23 16:31:38.902,InfoMessage,6639ba1a258d1a06a958a91d,21,Male,-,-,-,-,-,-,-,-,-,-,-,-,-,-,-,-,-,-,-,-,-,-,-,-,-,-,-,-,-,-,-,-,Score Manager Destroyed,Final Total Score: 0, Final Practice Score: 0,-,-,-,-,-,-,-,-,-,-,-,-,-,-,-,-,-,-,-,-,-,-,-,-,-
2025-03-23 16:31:41.324,DecisionOutcome,6639ba1a258d1a06a958a91d,21,Male,2,8,2,4,NoDecision,2.500,Timeout,False,0.000,0,-,-,-,-,-,-,-,-,-,-,-,-,-,-,-,-,-,-,-,-,False,-,-,-,-,-,-,-,-,-,-,-,-,-,-,-,-,-,-,-,-,-,-,-,-,-,-,-,-
2025-03-23 16:31:41.325,ScoreUpdate,6639ba1a258d1a06a958a91d,21,Male,2,8,-,-,-,-,-,-,-,-,0,0,-,-,-,-,-,-,-,-,-,-,-,-,-,-,-,-,-,-,False,-,-,-,-,-,-,0,ScoreAdded,-,-,-,-,-,-,-,-,-,-,-,-,-,-,-,-,-,-,-,-
2025-03-23 16:31:41.326,PenaltyStart,6639ba1a258d1a06a958a91d,21,Male,-,8,-,-,-,-,-,-,-,-,-,-,-,-,-,-,-,-,-,-,NoDecision,5,-,-,-,-,-,-,-,-,-,-,-,-,-,-,-,-,-,-,-,-,-,-,-,-,-,-,-,-,-,-,-,-,-,-,-,-,-
2025-03-23 16:31:46.630,BlockTimeStatus,6639ba1a258d1a06a958a91d,21,Male,2,-,-,-,-,-,-,-,-,-,-,-,-,-,-,-,-,-,-,-,-,-,-,-,-,-,-,-,-,-,-,-,-,-,-,-,-,-,-,163.47,0,-43.47,0.00,-,-,-,-,-,-,-,-,-,-,-,-,-,-,-,-
2025-03-23 16:31:46.818,InfoMessage,6639ba1a258d1a06a958a91d,21,Male,-,-,-,-,-,-,-,-,-,-,-,-,-,-,-,-,-,-,-,-,-,-,-,-,-,-,-,-,-,-,-,-,Score Manager Destroyed,Final Total Score: 0, Final Practice Score: 0,-,-,-,-,-,-,-,-,-,-,-,-,-,-,-,-,-,-,-,-,-,-,-,-,-
2025-03-23 16:31:48.744,BlockTimeStatus,6639ba1a258d1a06a958a91d,21,Male,2,-,-,-,-,-,-,-,-,-,-,-,-,-,-,-,-,-,-,-,-,-,-,-,-,-,-,-,-,-,-,-,-,-,-,-,-,-,-,161.55,0,-41.55,0.00,-,-,-,-,-,-,-,-,-,-,-,-,-,-,-,-
2025-03-23 16:31:49.316,DecisionOutcome,6639ba1a258d1a06a958a91d,21,Male,2,9,1,2,NoDecision,2.500,Timeout,False,0.000,0,-,-,-,-,-,-,-,-,-,-,-,-,-,-,-,-,-,-,-,-,False,-,-,-,-,-,-,-,-,-,-,-,-,-,-,-,-,-,-,-,-,-,-,-,-,-,-,-,-
2025-03-23 16:31:49.317,ScoreUpdate,6639ba1a258d1a06a958a91d,21,Male,2,9,-,-,-,-,-,-,-,-,0,0,-,-,-,-,-,-,-,-,-,-,-,-,-,-,-,-,-,-,False,-,-,-,-,-,-,0,ScoreAdded,-,-,-,-,-,-,-,-,-,-,-,-,-,-,-,-,-,-,-,-
2025-03-23 16:31:49.318,PenaltyStart,6639ba1a258d1a06a958a91d,21,Male,-,9,-,-,-,-,-,-,-,-,-,-,-,-,-,-,-,-,-,-,NoDecision,5,-,-,-,-,-,-,-,-,-,-,-,-,-,-,-,-,-,-,-,-,-,-,-,-,-,-,-,-,-,-,-,-,-,-,-,-,-
2025-03-23 16:31:54.611,BlockTimeStatus,6639ba1a258d1a06a958a91d,21,Male,2,-,-,-,-,-,-,-,-,-,-,-,-,-,-,-,-,-,-,-,-,-,-,-,-,-,-,-,-,-,-,-,-,-,-,-,-,-,-,155.87,0,-35.87,0.00,-,-,-,-,-,-,-,-,-,-,-,-,-,-,-,-
2025-03-23 16:31:54.798,InfoMessage,6639ba1a258d1a06a958a91d,21,Male,-,-,-,-,-,-,-,-,-,-,-,-,-,-,-,-,-,-,-,-,-,-,-,-,-,-,-,-,-,-,-,-,Score Manager Destroyed,Final Total Score: 0, Final Practice Score: 0,-,-,-,-,-,-,-,-,-,-,-,-,-,-,-,-,-,-,-,-,-,-,-,-,-
2025-03-23 16:31:57.310,DecisionOutcome,6639ba1a258d1a06a958a91d,21,Male,2,10,3,5,NoDecision,2.500,Timeout,False,0.000,0,-,-,-,-,-,-,-,-,-,-,-,-,-,-,-,-,-,-,-,-,False,-,-,-,-,-,-,-,-,-,-,-,-,-,-,-,-,-,-,-,-,-,-,-,-,-,-,-,-
2025-03-23 16:31:57.311,ScoreUpdate,6639ba1a258d1a06a958a91d,21,Male,2,10,-,-,-,-,-,-,-,-,0,0,-,-,-,-,-,-,-,-,-,-,-,-,-,-,-,-,-,-,False,-,-,-,-,-,-,0,ScoreAdded,-,-,-,-,-,-,-,-,-,-,-,-,-,-,-,-,-,-,-,-
2025-03-23 16:31:57.312,PenaltyStart,6639ba1a258d1a06a958a91d,21,Male,-,10,-,-,-,-,-,-,-,-,-,-,-,-,-,-,-,-,-,-,NoDecision,5,-,-,-,-,-,-,-,-,-,-,-,-,-,-,-,-,-,-,-,-,-,-,-,-,-,-,-,-,-,-,-,-,-,-,-,-,-
2025-03-23 16:31:59.354,BlockTimeStatus,6639ba1a258d1a06a958a91d,21,Male,2,-,-,-,-,-,-,-,-,-,-,-,-,-,-,-,-,-,-,-,-,-,-,-,-,-,-,-,-,-,-,-,-,-,-,-,-,-,-,151.55,0,-31.55,0.00,-,-,-,-,-,-,-,-,-,-,-,-,-,-,-,-
2025-03-23 16:32:02.637,BlockTimeStatus,6639ba1a258d1a06a958a91d,21,Male,2,-,-,-,-,-,-,-,-,-,-,-,-,-,-,-,-,-,-,-,-,-,-,-,-,-,-,-,-,-,-,-,-,-,-,-,-,-,-,148.27,0,-28.27,0.00,-,-,-,-,-,-,-,-,-,-,-,-,-,-,-,-
2025-03-23 16:32:02.924,InfoMessage,6639ba1a258d1a06a958a91d,21,Male,-,-,-,-,-,-,-,-,-,-,-,-,-,-,-,-,-,-,-,-,-,-,-,-,-,-,-,-,-,-,-,-,Score Manager Destroyed,Final Total Score: 0, Final Practice Score: 0,-,-,-,-,-,-,-,-,-,-,-,-,-,-,-,-,-,-,-,-,-,-,-,-,-
2025-03-23 16:32:05.349,DecisionOutcome,6639ba1a258d1a06a958a91d,21,Male,2,11,3,5,NoDecision,2.500,Timeout,False,0.000,0,-,-,-,-,-,-,-,-,-,-,-,-,-,-,-,-,-,-,-,-,False,-,-,-,-,-,-,-,-,-,-,-,-,-,-,-,-,-,-,-,-,-,-,-,-,-,-,-,-
2025-03-23 16:32:05.351,ScoreUpdate,6639ba1a258d1a06a958a91d,21,Male,2,11,-,-,-,-,-,-,-,-,0,0,-,-,-,-,-,-,-,-,-,-,-,-,-,-,-,-,-,-,False,-,-,-,-,-,-,0,ScoreAdded,-,-,-,-,-,-,-,-,-,-,-,-,-,-,-,-,-,-,-,-
2025-03-23 16:32:05.351,PenaltyStart,6639ba1a258d1a06a958a91d,21,Male,-,11,-,-,-,-,-,-,-,-,-,-,-,-,-,-,-,-,-,-,NoDecision,5,-,-,-,-,-,-,-,-,-,-,-,-,-,-,-,-,-,-,-,-,-,-,-,-,-,-,-,-,-,-,-,-,-,-,-,-,-
2025-03-23 16:32:09.810,BlockTimeStatus,6639ba1a258d1a06a958a91d,21,Male,2,-,-,-,-,-,-,-,-,-,-,-,-,-,-,-,-,-,-,-,-,-,-,-,-,-,-,-,-,-,-,-,-,-,-,-,-,-,-,141.55,0,-21.55,0.00,-,-,-,-,-,-,-,-,-,-,-,-,-,-,-,-
2025-03-23 16:32:10.640,BlockTimeStatus,6639ba1a258d1a06a958a91d,21,Male,2,-,-,-,-,-,-,-,-,-,-,-,-,-,-,-,-,-,-,-,-,-,-,-,-,-,-,-,-,-,-,-,-,-,-,-,-,-,-,140.72,0,-20.72,0.00,-,-,-,-,-,-,-,-,-,-,-,-,-,-,-,-
2025-03-23 16:32:10.903,InfoMessage,6639ba1a258d1a06a958a91d,21,Male,-,-,-,-,-,-,-,-,-,-,-,-,-,-,-,-,-,-,-,-,-,-,-,-,-,-,-,-,-,-,-,-,Score Manager Destroyed,Final Total Score: 0, Final Practice Score: 0,-,-,-,-,-,-,-,-,-,-,-,-,-,-,-,-,-,-,-,-,-,-,-,-,-
2025-03-23 16:32:13.317,DecisionOutcome,6639ba1a258d1a06a958a91d,21,Male,2,12,3,5,NoDecision,2.500,Timeout,False,0.000,0,-,-,-,-,-,-,-,-,-,-,-,-,-,-,-,-,-,-,-,-,False,-,-,-,-,-,-,-,-,-,-,-,-,-,-,-,-,-,-,-,-,-,-,-,-,-,-,-,-
2025-03-23 16:32:13.318,ScoreUpdate,6639ba1a258d1a06a958a91d,21,Male,2,12,-,-,-,-,-,-,-,-,0,0,-,-,-,-,-,-,-,-,-,-,-,-,-,-,-,-,-,-,False,-,-,-,-,-,-,0,ScoreAdded,-,-,-,-,-,-,-,-,-,-,-,-,-,-,-,-,-,-,-,-
2025-03-23 16:32:13.319,PenaltyStart,6639ba1a258d1a06a958a91d,21,Male,-,12,-,-,-,-,-,-,-,-,-,-,-,-,-,-,-,-,-,-,NoDecision,5,-,-,-,-,-,-,-,-,-,-,-,-,-,-,-,-,-,-,-,-,-,-,-,-,-,-,-,-,-,-,-,-,-,-,-,-,-
2025-03-23 16:32:18.602,BlockTimeStatus,6639ba1a258d1a06a958a91d,21,Male,2,-,-,-,-,-,-,-,-,-,-,-,-,-,-,-,-,-,-,-,-,-,-,-,-,-,-,-,-,-,-,-,-,-,-,-,-,-,-,133.17,0,-13.17,0.00,-,-,-,-,-,-,-,-,-,-,-,-,-,-,-,-
2025-03-23 16:32:18.791,InfoMessage,6639ba1a258d1a06a958a91d,21,Male,-,-,-,-,-,-,-,-,-,-,-,-,-,-,-,-,-,-,-,-,-,-,-,-,-,-,-,-,-,-,-,-,Score Manager Destroyed,Final Total Score: 0, Final Practice Score: 0,-,-,-,-,-,-,-,-,-,-,-,-,-,-,-,-,-,-,-,-,-,-,-,-,-
2025-03-23 16:32:20.420,BlockTimeStatus,6639ba1a258d1a06a958a91d,21,Male,2,-,-,-,-,-,-,-,-,-,-,-,-,-,-,-,-,-,-,-,-,-,-,-,-,-,-,-,-,-,-,-,-,-,-,-,-,-,-,131.55,0,-11.55,0.00,-,-,-,-,-,-,-,-,-,-,-,-,-,-,-,-
2025-03-23 16:32:21.294,DecisionOutcome,6639ba1a258d1a06a958a91d,21,Male,2,1,1,2,NoDecision,2.500,Timeout,False,0.000,0,-,-,-,-,-,-,-,-,-,-,-,-,-,-,-,-,-,-,-,-,False,-,-,-,-,-,-,-,-,-,-,-,-,-,-,-,-,-,-,-,-,-,-,-,-,-,-,-,-
2025-03-23 16:32:21.295,ScoreUpdate,6639ba1a258d1a06a958a91d,21,Male,2,1,-,-,-,-,-,-,-,-,0,0,-,-,-,-,-,-,-,-,-,-,-,-,-,-,-,-,-,-,False,-,-,-,-,-,-,0,ScoreAdded,-,-,-,-,-,-,-,-,-,-,-,-,-,-,-,-,-,-,-,-
2025-03-23 16:32:21.296,PenaltyStart,6639ba1a258d1a06a958a91d,21,Male,-,1,-,-,-,-,-,-,-,-,-,-,-,-,-,-,-,-,-,-,NoDecision,5,-,-,-,-,-,-,-,-,-,-,-,-,-,-,-,-,-,-,-,-,-,-,-,-,-,-,-,-,-,-,-,-,-,-,-,-,-
2025-03-23 16:32:26.601,BlockTimeStatus,6639ba1a258d1a06a958a91d,21,Male,2,-,-,-,-,-,-,-,-,-,-,-,-,-,-,-,-,-,-,-,-,-,-,-,-,-,-,-,-,-,-,-,-,-,-,-,-,-,-,125.57,0,-5.57,0.00,-,-,-,-,-,-,-,-,-,-,-,-,-,-,-,-
2025-03-23 16:32:26.826,InfoMessage,6639ba1a258d1a06a958a91d,21,Male,-,-,-,-,-,-,-,-,-,-,-,-,-,-,-,-,-,-,-,-,-,-,-,-,-,-,-,-,-,-,-,-,Score Manager Destroyed,Final Total Score: 0, Final Practice Score: 0,-,-,-,-,-,-,-,-,-,-,-,-,-,-,-,-,-,-,-,-,-,-,-,-,-
2025-03-23 16:32:29.328,DecisionOutcome,6639ba1a258d1a06a958a91d,21,Male,2,2,2,4,NoDecision,2.500,Timeout,False,0.000,0,-,-,-,-,-,-,-,-,-,-,-,-,-,-,-,-,-,-,-,-,False,-,-,-,-,-,-,-,-,-,-,-,-,-,-,-,-,-,-,-,-,-,-,-,-,-,-,-,-
2025-03-23 16:32:29.330,ScoreUpdate,6639ba1a258d1a06a958a91d,21,Male,2,2,-,-,-,-,-,-,-,-,0,0,-,-,-,-,-,-,-,-,-,-,-,-,-,-,-,-,-,-,False,-,-,-,-,-,-,0,ScoreAdded,-,-,-,-,-,-,-,-,-,-,-,-,-,-,-,-,-,-,-,-
2025-03-23 16:32:29.331,PenaltyStart,6639ba1a258d1a06a958a91d,21,Male,-,2,-,-,-,-,-,-,-,-,-,-,-,-,-,-,-,-,-,-,NoDecision,5,-,-,-,-,-,-,-,-,-,-,-,-,-,-,-,-,-,-,-,-,-,-,-,-,-,-,-,-,-,-,-,-,-,-,-,-,-
2025-03-23 16:32:31.061,BlockTimeStatus,6639ba1a258d1a06a958a91d,21,Male,2,-,-,-,-,-,-,-,-,-,-,-,-,-,-,-,-,-,-,-,-,-,-,-,-,-,-,-,-,-,-,-,-,-,-,-,-,-,-,121.55,0,-1.55,0.00,-,-,-,-,-,-,-,-,-,-,-,-,-,-,-,-
2025-03-23 16:32:34.628,BlockTimeStatus,6639ba1a258d1a06a958a91d,21,Male,2,-,-,-,-,-,-,-,-,-,-,-,-,-,-,-,-,-,-,-,-,-,-,-,-,-,-,-,-,-,-,-,-,-,-,-,-,-,-,117.98,0,2.02,0.00,-,-,-,-,-,-,-,-,-,-,-,-,-,-,-,-
2025-03-23 16:32:34.829,InfoMessage,6639ba1a258d1a06a958a91d,21,Male,-,-,-,-,-,-,-,-,-,-,-,-,-,-,-,-,-,-,-,-,-,-,-,-,-,-,-,-,-,-,-,-,Score Manager Destroyed,Final Total Score: 0, Final Practice Score: 0,-,-,-,-,-,-,-,-,-,-,-,-,-,-,-,-,-,-,-,-,-,-,-,-,-
2025-03-23 16:32:37.353,DecisionOutcome,6639ba1a258d1a06a958a91d,21,Male,2,3,2,4,NoDecision,2.500,Timeout,False,0.000,0,-,-,-,-,-,-,-,-,-,-,-,-,-,-,-,-,-,-,-,-,False,-,-,-,-,-,-,-,-,-,-,-,-,-,-,-,-,-,-,-,-,-,-,-,-,-,-,-,-
2025-03-23 16:32:37.354,ScoreUpdate,6639ba1a258d1a06a958a91d,21,Male,2,3,-,-,-,-,-,-,-,-,0,0,-,-,-,-,-,-,-,-,-,-,-,-,-,-,-,-,-,-,False,-,-,-,-,-,-,0,ScoreAdded,-,-,-,-,-,-,-,-,-,-,-,-,-,-,-,-,-,-,-,-
2025-03-23 16:32:37.355,PenaltyStart,6639ba1a258d1a06a958a91d,21,Male,-,3,-,-,-,-,-,-,-,-,-,-,-,-,-,-,-,-,-,-,NoDecision,5,-,-,-,-,-,-,-,-,-,-,-,-,-,-,-,-,-,-,-,-,-,-,-,-,-,-,-,-,-,-,-,-,-,-,-,-,-
2025-03-23 16:32:41.484,BlockTimeStatus,6639ba1a258d1a06a958a91d,21,Male,2,-,-,-,-,-,-,-,-,-,-,-,-,-,-,-,-,-,-,-,-,-,-,-,-,-,-,-,-,-,-,-,-,-,-,-,-,-,-,111.55,0,8.45,0.00,-,-,-,-,-,-,-,-,-,-,-,-,-,-,-,-
2025-03-23 16:32:42.654,BlockTimeStatus,6639ba1a258d1a06a958a91d,21,Male,2,-,-,-,-,-,-,-,-,-,-,-,-,-,-,-,-,-,-,-,-,-,-,-,-,-,-,-,-,-,-,-,-,-,-,-,-,-,-,110.38,0,9.62,0.00,-,-,-,-,-,-,-,-,-,-,-,-,-,-,-,-
2025-03-23 16:32:42.855,InfoMessage,6639ba1a258d1a06a958a91d,21,Male,-,-,-,-,-,-,-,-,-,-,-,-,-,-,-,-,-,-,-,-,-,-,-,-,-,-,-,-,-,-,-,-,Score Manager Destroyed,Final Total Score: 0, Final Practice Score: 0,-,-,-,-,-,-,-,-,-,-,-,-,-,-,-,-,-,-,-,-,-,-,-,-,-
2025-03-23 16:32:45.350,DecisionOutcome,6639ba1a258d1a06a958a91d,21,Male,2,4,1,2,NoDecision,2.500,Timeout,False,0.000,0,-,-,-,-,-,-,-,-,-,-,-,-,-,-,-,-,-,-,-,-,False,-,-,-,-,-,-,-,-,-,-,-,-,-,-,-,-,-,-,-,-,-,-,-,-,-,-,-,-
2025-03-23 16:32:45.351,ScoreUpdate,6639ba1a258d1a06a958a91d,21,Male,2,4,-,-,-,-,-,-,-,-,0,0,-,-,-,-,-,-,-,-,-,-,-,-,-,-,-,-,-,-,False,-,-,-,-,-,-,0,ScoreAdded,-,-,-,-,-,-,-,-,-,-,-,-,-,-,-,-,-,-,-,-
2025-03-23 16:32:45.352,PenaltyStart,6639ba1a258d1a06a958a91d,21,Male,-,4,-,-,-,-,-,-,-,-,-,-,-,-,-,-,-,-,-,-,NoDecision,5,-,-,-,-,-,-,-,-,-,-,-,-,-,-,-,-,-,-,-,-,-,-,-,-,-,-,-,-,-,-,-,-,-,-,-,-,-
2025-03-23 16:32:50.645,BlockTimeStatus,6639ba1a258d1a06a958a91d,21,Male,2,-,-,-,-,-,-,-,-,-,-,-,-,-,-,-,-,-,-,-,-,-,-,-,-,-,-,-,-,-,-,-,-,-,-,-,-,-,-,102.79,0,17.21,0.00,-,-,-,-,-,-,-,-,-,-,-,-,-,-,-,-
2025-03-23 16:32:50.858,InfoMessage,6639ba1a258d1a06a958a91d,21,Male,-,-,-,-,-,-,-,-,-,-,-,-,-,-,-,-,-,-,-,-,-,-,-,-,-,-,-,-,-,-,-,-,Score Manager Destroyed,Final Total Score: 0, Final Practice Score: 0,-,-,-,-,-,-,-,-,-,-,-,-,-,-,-,-,-,-,-,-,-,-,-,-,-
2025-03-23 16:32:52.128,BlockTimeStatus,6639ba1a258d1a06a958a91d,21,Male,2,-,-,-,-,-,-,-,-,-,-,-,-,-,-,-,-,-,-,-,-,-,-,-,-,-,-,-,-,-,-,-,-,-,-,-,-,-,-,101.55,0,18.45,0.00,-,-,-,-,-,-,-,-,-,-,-,-,-,-,-,-
2025-03-23 16:32:53.383,DecisionOutcome,6639ba1a258d1a06a958a91d,21,Male,2,5,3,5,NoDecision,2.500,Timeout,False,0.000,0,-,-,-,-,-,-,-,-,-,-,-,-,-,-,-,-,-,-,-,-,False,-,-,-,-,-,-,-,-,-,-,-,-,-,-,-,-,-,-,-,-,-,-,-,-,-,-,-,-
2025-03-23 16:32:53.384,ScoreUpdate,6639ba1a258d1a06a958a91d,21,Male,2,5,-,-,-,-,-,-,-,-,0,0,-,-,-,-,-,-,-,-,-,-,-,-,-,-,-,-,-,-,False,-,-,-,-,-,-,0,ScoreAdded,-,-,-,-,-,-,-,-,-,-,-,-,-,-,-,-,-,-,-,-
2025-03-23 16:32:53.385,PenaltyStart,6639ba1a258d1a06a958a91d,21,Male,-,5,-,-,-,-,-,-,-,-,-,-,-,-,-,-,-,-,-,-,NoDecision,5,-,-,-,-,-,-,-,-,-,-,-,-,-,-,-,-,-,-,-,-,-,-,-,-,-,-,-,-,-,-,-,-,-,-,-,-,-
2025-03-23 16:32:58.676,BlockTimeStatus,6639ba1a258d1a06a958a91d,21,Male,2,-,-,-,-,-,-,-,-,-,-,-,-,-,-,-,-,-,-,-,-,-,-,-,-,-,-,-,-,-,-,-,-,-,-,-,-,-,-,95.19,0,24.81,0.00,-,-,-,-,-,-,-,-,-,-,-,-,-,-,-,-
2025-03-23 16:32:58.866,InfoMessage,6639ba1a258d1a06a958a91d,21,Male,-,-,-,-,-,-,-,-,-,-,-,-,-,-,-,-,-,-,-,-,-,-,-,-,-,-,-,-,-,-,-,-,Score Manager Destroyed,Final Total Score: 0, Final Practice Score: 0,-,-,-,-,-,-,-,-,-,-,-,-,-,-,-,-,-,-,-,-,-,-,-,-,-
2025-03-23 16:33:01.366,DecisionOutcome,6639ba1a258d1a06a958a91d,21,Male,2,6,1,2,NoDecision,2.500,Timeout,False,0.000,0,-,-,-,-,-,-,-,-,-,-,-,-,-,-,-,-,-,-,-,-,False,-,-,-,-,-,-,-,-,-,-,-,-,-,-,-,-,-,-,-,-,-,-,-,-,-,-,-,-
2025-03-23 16:33:01.367,ScoreUpdate,6639ba1a258d1a06a958a91d,21,Male,2,6,-,-,-,-,-,-,-,-,0,0,-,-,-,-,-,-,-,-,-,-,-,-,-,-,-,-,-,-,False,-,-,-,-,-,-,0,ScoreAdded,-,-,-,-,-,-,-,-,-,-,-,-,-,-,-,-,-,-,-,-
2025-03-23 16:33:01.368,PenaltyStart,6639ba1a258d1a06a958a91d,21,Male,-,6,-,-,-,-,-,-,-,-,-,-,-,-,-,-,-,-,-,-,NoDecision,5,-,-,-,-,-,-,-,-,-,-,-,-,-,-,-,-,-,-,-,-,-,-,-,-,-,-,-,-,-,-,-,-,-,-,-,-,-
2025-03-23 16:33:02.722,BlockTimeStatus,6639ba1a258d1a06a958a91d,21,Male,2,-,-,-,-,-,-,-,-,-,-,-,-,-,-,-,-,-,-,-,-,-,-,-,-,-,-,-,-,-,-,-,-,-,-,-,-,-,-,91.55,0,28.45,0.00,-,-,-,-,-,-,-,-,-,-,-,-,-,-,-,-
2025-03-23 16:33:06.672,BlockTimeStatus,6639ba1a258d1a06a958a91d,21,Male,2,-,-,-,-,-,-,-,-,-,-,-,-,-,-,-,-,-,-,-,-,-,-,-,-,-,-,-,-,-,-,-,-,-,-,-,-,-,-,87.60,0,32.40,0.00,-,-,-,-,-,-,-,-,-,-,-,-,-,-,-,-
2025-03-23 16:33:06.869,InfoMessage,6639ba1a258d1a06a958a91d,21,Male,-,-,-,-,-,-,-,-,-,-,-,-,-,-,-,-,-,-,-,-,-,-,-,-,-,-,-,-,-,-,-,-,Score Manager Destroyed,Final Total Score: 0, Final Practice Score: 0,-,-,-,-,-,-,-,-,-,-,-,-,-,-,-,-,-,-,-,-,-,-,-,-,-
2025-03-23 16:33:09.362,DecisionOutcome,6639ba1a258d1a06a958a91d,21,Male,2,7,2,4,NoDecision,2.500,Timeout,False,0.000,0,-,-,-,-,-,-,-,-,-,-,-,-,-,-,-,-,-,-,-,-,False,-,-,-,-,-,-,-,-,-,-,-,-,-,-,-,-,-,-,-,-,-,-,-,-,-,-,-,-
2025-03-23 16:33:09.363,ScoreUpdate,6639ba1a258d1a06a958a91d,21,Male,2,7,-,-,-,-,-,-,-,-,0,0,-,-,-,-,-,-,-,-,-,-,-,-,-,-,-,-,-,-,False,-,-,-,-,-,-,0,ScoreAdded,-,-,-,-,-,-,-,-,-,-,-,-,-,-,-,-,-,-,-,-
2025-03-23 16:33:09.364,PenaltyStart,6639ba1a258d1a06a958a91d,21,Male,-,7,-,-,-,-,-,-,-,-,-,-,-,-,-,-,-,-,-,-,NoDecision,5,-,-,-,-,-,-,-,-,-,-,-,-,-,-,-,-,-,-,-,-,-,-,-,-,-,-,-,-,-,-,-,-,-,-,-,-,-
2025-03-23 16:33:13.180,BlockTimeStatus,6639ba1a258d1a06a958a91d,21,Male,2,-,-,-,-,-,-,-,-,-,-,-,-,-,-,-,-,-,-,-,-,-,-,-,-,-,-,-,-,-,-,-,-,-,-,-,-,-,-,81.55,0,38.45,0.00,-,-,-,-,-,-,-,-,-,-,-,-,-,-,-,-
2025-03-23 16:33:14.729,BlockTimeStatus,6639ba1a258d1a06a958a91d,21,Male,2,-,-,-,-,-,-,-,-,-,-,-,-,-,-,-,-,-,-,-,-,-,-,-,-,-,-,-,-,-,-,-,-,-,-,-,-,-,-,80.00,0,40.00,0.00,-,-,-,-,-,-,-,-,-,-,-,-,-,-,-,-
2025-03-23 16:33:15.145,InfoMessage,6639ba1a258d1a06a958a91d,21,Male,-,-,-,-,-,-,-,-,-,-,-,-,-,-,-,-,-,-,-,-,-,-,-,-,-,-,-,-,-,-,-,-,Score Manager Destroyed,Final Total Score: 0, Final Practice Score: 0,-,-,-,-,-,-,-,-,-,-,-,-,-,-,-,-,-,-,-,-,-,-,-,-,-
2025-03-23 16:33:17.655,DecisionOutcome,6639ba1a258d1a06a958a91d,21,Male,2,8,2,4,NoDecision,2.500,Timeout,False,0.000,0,-,-,-,-,-,-,-,-,-,-,-,-,-,-,-,-,-,-,-,-,False,-,-,-,-,-,-,-,-,-,-,-,-,-,-,-,-,-,-,-,-,-,-,-,-,-,-,-,-
2025-03-23 16:33:17.656,ScoreUpdate,6639ba1a258d1a06a958a91d,21,Male,2,8,-,-,-,-,-,-,-,-,0,0,-,-,-,-,-,-,-,-,-,-,-,-,-,-,-,-,-,-,False,-,-,-,-,-,-,0,ScoreAdded,-,-,-,-,-,-,-,-,-,-,-,-,-,-,-,-,-,-,-,-
2025-03-23 16:33:17.657,PenaltyStart,6639ba1a258d1a06a958a91d,21,Male,-,8,-,-,-,-,-,-,-,-,-,-,-,-,-,-,-,-,-,-,NoDecision,5,-,-,-,-,-,-,-,-,-,-,-,-,-,-,-,-,-,-,-,-,-,-,-,-,-,-,-,-,-,-,-,-,-,-,-,-,-
2025-03-23 16:33:23.324,BlockTimeStatus,6639ba1a258d1a06a958a91d,21,Male,2,-,-,-,-,-,-,-,-,-,-,-,-,-,-,-,-,-,-,-,-,-,-,-,-,-,-,-,-,-,-,-,-,-,-,-,-,-,-,72.40,0,47.60,0.00,-,-,-,-,-,-,-,-,-,-,-,-,-,-,-,-
2025-03-23 16:33:23.824,InfoMessage,6639ba1a258d1a06a958a91d,21,Male,-,-,-,-,-,-,-,-,-,-,-,-,-,-,-,-,-,-,-,-,-,-,-,-,-,-,-,-,-,-,-,-,Score Manager Destroyed,Final Total Score: 0, Final Practice Score: 0,-,-,-,-,-,-,-,-,-,-,-,-,-,-,-,-,-,-,-,-,-,-,-,-,-
2025-03-23 16:33:24.709,BlockTimeStatus,6639ba1a258d1a06a958a91d,21,Male,2,-,-,-,-,-,-,-,-,-,-,-,-,-,-,-,-,-,-,-,-,-,-,-,-,-,-,-,-,-,-,-,-,-,-,-,-,-,-,71.55,0,48.45,0.00,-,-,-,-,-,-,-,-,-,-,-,-,-,-,-,-
2025-03-23 16:33:26.351,DecisionOutcome,6639ba1a258d1a06a958a91d,21,Male,2,9,1,2,NoDecision,2.500,Timeout,False,0.000,0,-,-,-,-,-,-,-,-,-,-,-,-,-,-,-,-,-,-,-,-,False,-,-,-,-,-,-,-,-,-,-,-,-,-,-,-,-,-,-,-,-,-,-,-,-,-,-,-,-
2025-03-23 16:33:26.354,ScoreUpdate,6639ba1a258d1a06a958a91d,21,Male,2,9,-,-,-,-,-,-,-,-,0,0,-,-,-,-,-,-,-,-,-,-,-,-,-,-,-,-,-,-,False,-,-,-,-,-,-,0,ScoreAdded,-,-,-,-,-,-,-,-,-,-,-,-,-,-,-,-,-,-,-,-
2025-03-23 16:33:26.356,PenaltyStart,6639ba1a258d1a06a958a91d,21,Male,-,9,-,-,-,-,-,-,-,-,-,-,-,-,-,-,-,-,-,-,NoDecision,5,-,-,-,-,-,-,-,-,-,-,-,-,-,-,-,-,-,-,-,-,-,-,-,-,-,-,-,-,-,-,-,-,-,-,-,-,-
2025-03-23 16:33:31.921,BlockTimeStatus,6639ba1a258d1a06a958a91d,21,Male,2,-,-,-,-,-,-,-,-,-,-,-,-,-,-,-,-,-,-,-,-,-,-,-,-,-,-,-,-,-,-,-,-,-,-,-,-,-,-,64.80,0,55.20,0.00,-,-,-,-,-,-,-,-,-,-,-,-,-,-,-,-
2025-03-23 16:33:32.162,InfoMessage,6639ba1a258d1a06a958a91d,21,Male,-,-,-,-,-,-,-,-,-,-,-,-,-,-,-,-,-,-,-,-,-,-,-,-,-,-,-,-,-,-,-,-,Score Manager Destroyed,Final Total Score: 0, Final Practice Score: 0,-,-,-,-,-,-,-,-,-,-,-,-,-,-,-,-,-,-,-,-,-,-,-,-,-
2025-03-23 16:33:34.683,DecisionOutcome,6639ba1a258d1a06a958a91d,21,Male,2,10,3,5,NoDecision,2.500,Timeout,False,0.000,0,-,-,-,-,-,-,-,-,-,-,-,-,-,-,-,-,-,-,-,-,False,-,-,-,-,-,-,-,-,-,-,-,-,-,-,-,-,-,-,-,-,-,-,-,-,-,-,-,-
2025-03-23 16:33:34.684,ScoreUpdate,6639ba1a258d1a06a958a91d,21,Male,2,10,-,-,-,-,-,-,-,-,0,0,-,-,-,-,-,-,-,-,-,-,-,-,-,-,-,-,-,-,False,-,-,-,-,-,-,0,ScoreAdded,-,-,-,-,-,-,-,-,-,-,-,-,-,-,-,-,-,-,-,-
2025-03-23 16:33:34.685,PenaltyStart,6639ba1a258d1a06a958a91d,21,Male,-,10,-,-,-,-,-,-,-,-,-,-,-,-,-,-,-,-,-,-,NoDecision,5,-,-,-,-,-,-,-,-,-,-,-,-,-,-,-,-,-,-,-,-,-,-,-,-,-,-,-,-,-,-,-,-,-,-,-,-,-
2025-03-23 16:33:35.658,BlockTimeStatus,6639ba1a258d1a06a958a91d,21,Male,2,-,-,-,-,-,-,-,-,-,-,-,-,-,-,-,-,-,-,-,-,-,-,-,-,-,-,-,-,-,-,-,-,-,-,-,-,-,-,61.55,0,58.45,0.00,-,-,-,-,-,-,-,-,-,-,-,-,-,-,-,-
2025-03-23 16:33:39.996,BlockTimeStatus,6639ba1a258d1a06a958a91d,21,Male,2,-,-,-,-,-,-,-,-,-,-,-,-,-,-,-,-,-,-,-,-,-,-,-,-,-,-,-,-,-,-,-,-,-,-,-,-,-,-,57.21,0,62.79,0.00,-,-,-,-,-,-,-,-,-,-,-,-,-,-,-,-
2025-03-23 16:33:40.236,InfoMessage,6639ba1a258d1a06a958a91d,21,Male,-,-,-,-,-,-,-,-,-,-,-,-,-,-,-,-,-,-,-,-,-,-,-,-,-,-,-,-,-,-,-,-,Score Manager Destroyed,Final Total Score: 0, Final Practice Score: 0,-,-,-,-,-,-,-,-,-,-,-,-,-,-,-,-,-,-,-,-,-,-,-,-,-
2025-03-23 16:33:42.746,DecisionOutcome,6639ba1a258d1a06a958a91d,21,Male,2,11,3,5,NoDecision,2.500,Timeout,False,0.000,0,-,-,-,-,-,-,-,-,-,-,-,-,-,-,-,-,-,-,-,-,False,-,-,-,-,-,-,-,-,-,-,-,-,-,-,-,-,-,-,-,-,-,-,-,-,-,-,-,-
2025-03-23 16:33:42.748,ScoreUpdate,6639ba1a258d1a06a958a91d,21,Male,2,11,-,-,-,-,-,-,-,-,0,0,-,-,-,-,-,-,-,-,-,-,-,-,-,-,-,-,-,-,False,-,-,-,-,-,-,0,ScoreAdded,-,-,-,-,-,-,-,-,-,-,-,-,-,-,-,-,-,-,-,-
2025-03-23 16:33:42.750,PenaltyStart,6639ba1a258d1a06a958a91d,21,Male,-,11,-,-,-,-,-,-,-,-,-,-,-,-,-,-,-,-,-,-,NoDecision,5,-,-,-,-,-,-,-,-,-,-,-,-,-,-,-,-,-,-,-,-,-,-,-,-,-,-,-,-,-,-,-,-,-,-,-,-,-
2025-03-23 16:33:46.174,BlockTimeStatus,6639ba1a258d1a06a958a91d,21,Male,2,-,-,-,-,-,-,-,-,-,-,-,-,-,-,-,-,-,-,-,-,-,-,-,-,-,-,-,-,-,-,-,-,-,-,-,-,-,-,51.55,0,68.45,0.00,-,-,-,-,-,-,-,-,-,-,-,-,-,-,-,-
2025-03-23 16:33:48.101,BlockTimeStatus,6639ba1a258d1a06a958a91d,21,Male,2,-,-,-,-,-,-,-,-,-,-,-,-,-,-,-,-,-,-,-,-,-,-,-,-,-,-,-,-,-,-,-,-,-,-,-,-,-,-,49.62,0,70.38,0.00,-,-,-,-,-,-,-,-,-,-,-,-,-,-,-,-
2025-03-23 16:33:48.302,InfoMessage,6639ba1a258d1a06a958a91d,21,Male,-,-,-,-,-,-,-,-,-,-,-,-,-,-,-,-,-,-,-,-,-,-,-,-,-,-,-,-,-,-,-,-,Score Manager Destroyed,Final Total Score: 0, Final Practice Score: 0,-,-,-,-,-,-,-,-,-,-,-,-,-,-,-,-,-,-,-,-,-,-,-,-,-
2025-03-23 16:33:50.795,DecisionOutcome,6639ba1a258d1a06a958a91d,21,Male,2,12,3,5,NoDecision,2.500,Timeout,False,0.000,0,-,-,-,-,-,-,-,-,-,-,-,-,-,-,-,-,-,-,-,-,False,-,-,-,-,-,-,-,-,-,-,-,-,-,-,-,-,-,-,-,-,-,-,-,-,-,-,-,-
2025-03-23 16:33:50.796,ScoreUpdate,6639ba1a258d1a06a958a91d,21,Male,2,12,-,-,-,-,-,-,-,-,0,0,-,-,-,-,-,-,-,-,-,-,-,-,-,-,-,-,-,-,False,-,-,-,-,-,-,0,ScoreAdded,-,-,-,-,-,-,-,-,-,-,-,-,-,-,-,-,-,-,-,-
2025-03-23 16:33:50.797,PenaltyStart,6639ba1a258d1a06a958a91d,21,Male,-,12,-,-,-,-,-,-,-,-,-,-,-,-,-,-,-,-,-,-,NoDecision,5,-,-,-,-,-,-,-,-,-,-,-,-,-,-,-,-,-,-,-,-,-,-,-,-,-,-,-,-,-,-,-,-,-,-,-,-,-
2025-03-23 16:33:56.087,BlockTimeStatus,6639ba1a258d1a06a958a91d,21,Male,2,-,-,-,-,-,-,-,-,-,-,-,-,-,-,-,-,-,-,-,-,-,-,-,-,-,-,-,-,-,-,-,-,-,-,-,-,-,-,42.03,0,77.97,0.00,-,-,-,-,-,-,-,-,-,-,-,-,-,-,-,-
2025-03-23 16:33:56.276,InfoMessage,6639ba1a258d1a06a958a91d,21,Male,-,-,-,-,-,-,-,-,-,-,-,-,-,-,-,-,-,-,-,-,-,-,-,-,-,-,-,-,-,-,-,-,Score Manager Destroyed,Final Total Score: 0, Final Practice Score: 0,-,-,-,-,-,-,-,-,-,-,-,-,-,-,-,-,-,-,-,-,-,-,-,-,-
2025-03-23 16:33:56.764,BlockTimeStatus,6639ba1a258d1a06a958a91d,21,Male,2,-,-,-,-,-,-,-,-,-,-,-,-,-,-,-,-,-,-,-,-,-,-,-,-,-,-,-,-,-,-,-,-,-,-,-,-,-,-,41.55,0,78.45,0.00,-,-,-,-,-,-,-,-,-,-,-,-,-,-,-,-
2025-03-23 16:33:58.773,DecisionOutcome,6639ba1a258d1a06a958a91d,21,Male,2,1,1,2,NoDecision,2.500,Timeout,False,0.000,0,-,-,-,-,-,-,-,-,-,-,-,-,-,-,-,-,-,-,-,-,False,-,-,-,-,-,-,-,-,-,-,-,-,-,-,-,-,-,-,-,-,-,-,-,-,-,-,-,-
2025-03-23 16:33:58.774,ScoreUpdate,6639ba1a258d1a06a958a91d,21,Male,2,1,-,-,-,-,-,-,-,-,0,0,-,-,-,-,-,-,-,-,-,-,-,-,-,-,-,-,-,-,False,-,-,-,-,-,-,0,ScoreAdded,-,-,-,-,-,-,-,-,-,-,-,-,-,-,-,-,-,-,-,-
2025-03-23 16:33:58.775,PenaltyStart,6639ba1a258d1a06a958a91d,21,Male,-,1,-,-,-,-,-,-,-,-,-,-,-,-,-,-,-,-,-,-,NoDecision,5,-,-,-,-,-,-,-,-,-,-,-,-,-,-,-,-,-,-,-,-,-,-,-,-,-,-,-,-,-,-,-,-,-,-,-,-,-
2025-03-23 16:34:04.102,BlockTimeStatus,6639ba1a258d1a06a958a91d,21,Male,2,-,-,-,-,-,-,-,-,-,-,-,-,-,-,-,-,-,-,-,-,-,-,-,-,-,-,-,-,-,-,-,-,-,-,-,-,-,-,34.44,0,85.56,0.00,-,-,-,-,-,-,-,-,-,-,-,-,-,-,-,-
2025-03-23 16:34:04.293,InfoMessage,6639ba1a258d1a06a958a91d,21,Male,-,-,-,-,-,-,-,-,-,-,-,-,-,-,-,-,-,-,-,-,-,-,-,-,-,-,-,-,-,-,-,-,Score Manager Destroyed,Final Total Score: 0, Final Practice Score: 0,-,-,-,-,-,-,-,-,-,-,-,-,-,-,-,-,-,-,-,-,-,-,-,-,-
2025-03-23 16:34:06.802,DecisionOutcome,6639ba1a258d1a06a958a91d,21,Male,2,2,2,4,NoDecision,2.500,Timeout,False,0.000,0,-,-,-,-,-,-,-,-,-,-,-,-,-,-,-,-,-,-,-,-,False,-,-,-,-,-,-,-,-,-,-,-,-,-,-,-,-,-,-,-,-,-,-,-,-,-,-,-,-
2025-03-23 16:34:06.803,ScoreUpdate,6639ba1a258d1a06a958a91d,21,Male,2,2,-,-,-,-,-,-,-,-,0,0,-,-,-,-,-,-,-,-,-,-,-,-,-,-,-,-,-,-,False,-,-,-,-,-,-,0,ScoreAdded,-,-,-,-,-,-,-,-,-,-,-,-,-,-,-,-,-,-,-,-
2025-03-23 16:34:06.804,PenaltyStart,6639ba1a258d1a06a958a91d,21,Male,-,2,-,-,-,-,-,-,-,-,-,-,-,-,-,-,-,-,-,-,NoDecision,5,-,-,-,-,-,-,-,-,-,-,-,-,-,-,-,-,-,-,-,-,-,-,-,-,-,-,-,-,-,-,-,-,-,-,-,-,-
2025-03-23 16:34:07.388,BlockTimeStatus,6639ba1a258d1a06a958a91d,21,Male,2,-,-,-,-,-,-,-,-,-,-,-,-,-,-,-,-,-,-,-,-,-,-,-,-,-,-,-,-,-,-,-,-,-,-,-,-,-,-,31.55,0,88.45,0.00,-,-,-,-,-,-,-,-,-,-,-,-,-,-,-,-
2025-03-23 16:34:12.093,BlockTimeStatus,6639ba1a258d1a06a958a91d,21,Male,2,-,-,-,-,-,-,-,-,-,-,-,-,-,-,-,-,-,-,-,-,-,-,-,-,-,-,-,-,-,-,-,-,-,-,-,-,-,-,26.84,0,93.16,0.00,-,-,-,-,-,-,-,-,-,-,-,-,-,-,-,-
2025-03-23 16:34:12.350,InfoMessage,6639ba1a258d1a06a958a91d,21,Male,-,-,-,-,-,-,-,-,-,-,-,-,-,-,-,-,-,-,-,-,-,-,-,-,-,-,-,-,-,-,-,-,Score Manager Destroyed,Final Total Score: 0, Final Practice Score: 0,-,-,-,-,-,-,-,-,-,-,-,-,-,-,-,-,-,-,-,-,-,-,-,-,-
2025-03-23 16:34:14.852,DecisionOutcome,6639ba1a258d1a06a958a91d,21,Male,2,3,2,4,NoDecision,2.500,Timeout,False,0.000,0,-,-,-,-,-,-,-,-,-,-,-,-,-,-,-,-,-,-,-,-,False,-,-,-,-,-,-,-,-,-,-,-,-,-,-,-,-,-,-,-,-,-,-,-,-,-,-,-,-
2025-03-23 16:34:14.853,ScoreUpdate,6639ba1a258d1a06a958a91d,21,Male,2,3,-,-,-,-,-,-,-,-,0,0,-,-,-,-,-,-,-,-,-,-,-,-,-,-,-,-,-,-,False,-,-,-,-,-,-,0,ScoreAdded,-,-,-,-,-,-,-,-,-,-,-,-,-,-,-,-,-,-,-,-
2025-03-23 16:34:14.854,PenaltyStart,6639ba1a258d1a06a958a91d,21,Male,-,3,-,-,-,-,-,-,-,-,-,-,-,-,-,-,-,-,-,-,NoDecision,5,-,-,-,-,-,-,-,-,-,-,-,-,-,-,-,-,-,-,-,-,-,-,-,-,-,-,-,-,-,-,-,-,-,-,-,-,-
2025-03-23 16:34:17.857,BlockTimeStatus,6639ba1a258d1a06a958a91d,21,Male,2,-,-,-,-,-,-,-,-,-,-,-,-,-,-,-,-,-,-,-,-,-,-,-,-,-,-,-,-,-,-,-,-,-,-,-,-,-,-,21.55,0,98.45,0.00,-,-,-,-,-,-,-,-,-,-,-,-,-,-,-,-
2025-03-23 16:34:20.153,BlockTimeStatus,6639ba1a258d1a06a958a91d,21,Male,2,-,-,-,-,-,-,-,-,-,-,-,-,-,-,-,-,-,-,-,-,-,-,-,-,-,-,-,-,-,-,-,-,-,-,-,-,-,-,19.25,0,100.75,0.00,-,-,-,-,-,-,-,-,-,-,-,-,-,-,-,-
2025-03-23 16:34:20.344,InfoMessage,6639ba1a258d1a06a958a91d,21,Male,-,-,-,-,-,-,-,-,-,-,-,-,-,-,-,-,-,-,-,-,-,-,-,-,-,-,-,-,-,-,-,-,Score Manager Destroyed,Final Total Score: 0, Final Practice Score: 0,-,-,-,-,-,-,-,-,-,-,-,-,-,-,-,-,-,-,-,-,-,-,-,-,-
2025-03-23 16:34:22.834,DecisionOutcome,6639ba1a258d1a06a958a91d,21,Male,2,4,1,2,NoDecision,2.500,Timeout,False,0.000,0,-,-,-,-,-,-,-,-,-,-,-,-,-,-,-,-,-,-,-,-,False,-,-,-,-,-,-,-,-,-,-,-,-,-,-,-,-,-,-,-,-,-,-,-,-,-,-,-,-
2025-03-23 16:34:22.835,ScoreUpdate,6639ba1a258d1a06a958a91d,21,Male,2,4,-,-,-,-,-,-,-,-,0,0,-,-,-,-,-,-,-,-,-,-,-,-,-,-,-,-,-,-,False,-,-,-,-,-,-,0,ScoreAdded,-,-,-,-,-,-,-,-,-,-,-,-,-,-,-,-,-,-,-,-
2025-03-23 16:34:22.836,PenaltyStart,6639ba1a258d1a06a958a91d,21,Male,-,4,-,-,-,-,-,-,-,-,-,-,-,-,-,-,-,-,-,-,NoDecision,5,-,-,-,-,-,-,-,-,-,-,-,-,-,-,-,-,-,-,-,-,-,-,-,-,-,-,-,-,-,-,-,-,-,-,-,-,-
2025-03-23 16:34:28.123,BlockTimeStatus,6639ba1a258d1a06a958a91d,21,Male,2,-,-,-,-,-,-,-,-,-,-,-,-,-,-,-,-,-,-,-,-,-,-,-,-,-,-,-,-,-,-,-,-,-,-,-,-,-,-,11.66,0,108.34,0.00,-,-,-,-,-,-,-,-,-,-,-,-,-,-,-,-
2025-03-23 16:34:28.340,InfoMessage,6639ba1a258d1a06a958a91d,21,Male,-,-,-,-,-,-,-,-,-,-,-,-,-,-,-,-,-,-,-,-,-,-,-,-,-,-,-,-,-,-,-,-,Score Manager Destroyed,Final Total Score: 0, Final Practice Score: 0,-,-,-,-,-,-,-,-,-,-,-,-,-,-,-,-,-,-,-,-,-,-,-,-,-
2025-03-23 16:34:28.464,BlockTimeStatus,6639ba1a258d1a06a958a91d,21,Male,2,-,-,-,-,-,-,-,-,-,-,-,-,-,-,-,-,-,-,-,-,-,-,-,-,-,-,-,-,-,-,-,-,-,-,-,-,-,-,11.55,0,108.45,0.00,-,-,-,-,-,-,-,-,-,-,-,-,-,-,-,-
2025-03-23 16:34:30.844,DecisionOutcome,6639ba1a258d1a06a958a91d,21,Male,2,5,3,5,NoDecision,2.500,Timeout,False,0.000,0,-,-,-,-,-,-,-,-,-,-,-,-,-,-,-,-,-,-,-,-,False,-,-,-,-,-,-,-,-,-,-,-,-,-,-,-,-,-,-,-,-,-,-,-,-,-,-,-,-
2025-03-23 16:34:30.846,ScoreUpdate,6639ba1a258d1a06a958a91d,21,Male,2,5,-,-,-,-,-,-,-,-,0,0,-,-,-,-,-,-,-,-,-,-,-,-,-,-,-,-,-,-,False,-,-,-,-,-,-,0,ScoreAdded,-,-,-,-,-,-,-,-,-,-,-,-,-,-,-,-,-,-,-,-
2025-03-23 16:34:30.847,PenaltyStart,6639ba1a258d1a06a958a91d,21,Male,-,5,-,-,-,-,-,-,-,-,-,-,-,-,-,-,-,-,-,-,NoDecision,5,-,-,-,-,-,-,-,-,-,-,-,-,-,-,-,-,-,-,-,-,-,-,-,-,-,-,-,-,-,-,-,-,-,-,-,-,-
2025-03-23 16:34:36.361,BlockTimeStatus,6639ba1a258d1a06a958a91d,21,Male,2,-,-,-,-,-,-,-,-,-,-,-,-,-,-,-,-,-,-,-,-,-,-,-,-,-,-,-,-,-,-,-,-,-,-,-,-,-,-,4.07,0,115.93,0.00,-,-,-,-,-,-,-,-,-,-,-,-,-,-,-,-
2025-03-23 16:34:47.111,TirednessRating,6639ba1a258d1a06a958a91d,21,Male,-,-,-,-,-,-,-,-,-,-,-,-,Tiredness rating collected before EndExperiment scene,-,-,-,-,-,2,-,-,-,-,-,-,-,-,-,-,-,-,-,-,-,-,-,-,-,-,-,-,-,-,-,-,-,-,-,-,-,2,1-10,1=Not tired at all, 10=Extremely tired,-,-,-,-,-,-
2025-03-23 16:34:50.026,ParticipantFeedback,6639ba1a258d1a06a958a91d,21,Male,-,-,-,-,-,-,-,-,-,-,-,-,Feedback collected on EndExperiment scene,-,-,-,-,-,-,hdxiuwhdi,-,-,-,-,-,-,-,-,-,-,-,-,-,-,-,-,-,-,-,-,-,-,-,-,-,-,-,-,-,-,-,-,-,-,-,-,-,-,-
2025-03-23 16:34:54.957,EndExperimentSubmission,6639ba1a258d1a06a958a91d,21,Male,-,-,-,-,-,-,-,-,-,-,0,-,-,-,-,-,-,-,-,hdxiuwhdi,-,-,-,-,-,-,-,-,-,-,-,-,-,-,-,-,-,-,-,-,-,-,-,-,-,-,-,-,-,-,-,-,-,-,627.36,True,-,-,-
